2026-01-22 10:27:29,011 [Worker-4: Loading available Gradle versions] INFO  o.e.b.c.i.u.g.PublishedGradleVersions - Gradle version information cache is not available. Remote download required.
2026-01-22 10:29:59,959 [Worker-9: Import Getting Started Content] INFO  o.e.m.c.i.l.LifecycleMappingFactory - Using org.eclipse.m2e.jdt.JarLifecycleMapping lifecycle mapping for MavenProject: com.example:SessionAndBooking:0.0.1-SNAPSHOT @ C:\Users\rohit\OneDrive\Desktop\SessionAndBookingService\SessionAndBooking\pom.xml.
2026-01-22 10:30:01,907 [Worker-9: Import Getting Started Content] INFO  o.e.m.j.i.AbstractJavaProjectConfigurator - Adding source folder /SessionAndBooking/src/main/java
2026-01-22 10:30:01,910 [Worker-9: Import Getting Started Content] INFO  o.e.m.j.i.AbstractJavaProjectConfigurator - Adding resource folder /SessionAndBooking/src/main/resources
2026-01-22 10:30:01,919 [Worker-9: Import Getting Started Content] INFO  o.e.m.j.i.AbstractJavaProjectConfigurator - Adding resource folder /SessionAndBooking/src/main/resources
2026-01-22 10:30:01,927 [Worker-9: Import Getting Started Content] INFO  o.e.m.j.i.AbstractJavaProjectConfigurator - Adding source folder /SessionAndBooking/src/test/java
2026-01-22 10:30:01,929 [Worker-9: Import Getting Started Content] INFO  o.e.m.j.i.AbstractJavaProjectConfigurator - Adding resource folder /SessionAndBooking/src/test/resources
2026-01-22 10:30:02,697 [Worker-9: Import Getting Started Content] INFO  o.e.m.c.i.p.ProjectConfigurationManager - Imported and configured 1 project(s) in 4 sec
2026-01-22 10:30:02,702 [Worker-9: Import Getting Started Content] INFO  o.e.m.c.i.p.ProjectConfigurationManager - Update started
2026-01-22 10:30:03,097 [Worker-9: Import Getting Started Content] INFO  o.e.m.c.i.l.LifecycleMappingFactory - Using org.eclipse.m2e.jdt.JarLifecycleMapping lifecycle mapping for MavenProject: com.example:SessionAndBooking:0.0.1-SNAPSHOT @ C:\Users\rohit\OneDrive\Desktop\SessionAndBookingService\SessionAndBooking\pom.xml.
2026-01-22 10:30:04,421 [Worker-9: Import Getting Started Content] INFO  o.e.m.j.i.AbstractJavaProjectConfigurator - Adding source folder /SessionAndBooking/src/main/java
2026-01-22 10:30:04,423 [Worker-9: Import Getting Started Content] INFO  o.e.m.j.i.AbstractJavaProjectConfigurator - Adding resource folder /SessionAndBooking/src/main/resources
2026-01-22 10:30:04,425 [Worker-9: Import Getting Started Content] INFO  o.e.m.j.i.AbstractJavaProjectConfigurator - Adding resource folder /SessionAndBooking/src/main/resources
2026-01-22 10:30:04,426 [Worker-9: Import Getting Started Content] INFO  o.e.m.j.i.AbstractJavaProjectConfigurator - Adding source folder /SessionAndBooking/src/test/java
2026-01-22 10:30:04,427 [Worker-9: Import Getting Started Content] INFO  o.e.m.j.i.AbstractJavaProjectConfigurator - Adding resource folder /SessionAndBooking/src/test/resources
2026-01-22 10:30:05,487 [Worker-9: Import Getting Started Content] INFO  o.e.m.c.i.p.ProjectConfigurationManager - Update completed for 1 poms: local refresh takes 0.00 sec, refresh facades takes 1.00 sec, update config takes 0.00 sec 
2026-01-22 10:30:05,585 [Worker-12: Updating Maven Project] INFO  o.e.m.c.i.p.ProjectConfigurationManager - Update started
2026-01-22 10:30:06,239 [Worker-12: Updating Maven Project] INFO  o.e.m.c.i.l.LifecycleMappingFactory - Using org.eclipse.m2e.jdt.JarLifecycleMapping lifecycle mapping for MavenProject: com.example:SessionAndBooking:0.0.1-SNAPSHOT @ C:\Users\rohit\OneDrive\Desktop\SessionAndBookingService\SessionAndBooking\pom.xml.
2026-01-22 10:30:07,393 [Worker-12: Updating Maven Project] INFO  o.e.m.j.i.AbstractJavaProjectConfigurator - Adding source folder /SessionAndBooking/src/main/java
2026-01-22 10:30:07,394 [Worker-12: Updating Maven Project] INFO  o.e.m.j.i.AbstractJavaProjectConfigurator - Adding resource folder /SessionAndBooking/src/main/resources
2026-01-22 10:30:07,395 [Worker-12: Updating Maven Project] INFO  o.e.m.j.i.AbstractJavaProjectConfigurator - Adding resource folder /SessionAndBooking/src/main/resources
2026-01-22 10:30:07,395 [Worker-12: Updating Maven Project] INFO  o.e.m.j.i.AbstractJavaProjectConfigurator - Adding source folder /SessionAndBooking/src/test/java
2026-01-22 10:30:07,397 [Worker-12: Updating Maven Project] INFO  o.e.m.j.i.AbstractJavaProjectConfigurator - Adding resource folder /SessionAndBooking/src/test/resources
2026-01-22 10:30:07,904 [Worker-12: Updating Maven Project] INFO  o.e.m.c.i.p.ProjectConfigurationManager - Update completed for 1 poms: local refresh takes 0.00 sec, refresh facades takes 1.00 sec, update config takes 0.00 sec 
2026-01-22 10:30:09,550 [Worker-17: Building] INFO  o.a.m.s.f.DefaultMavenResourcesFiltering - Copying 1 resource from src\main\resources to target\classes
2026-01-22 10:30:09,581 [Worker-17: Building] INFO  o.a.m.s.f.DefaultMavenResourcesFiltering - Copying 0 resource from src\main\resources to target\classes
2026-01-22 10:30:09,591 [Worker-17: Building] INFO  o.a.m.s.f.DefaultMavenResourcesFiltering - skip non existing resourceDirectory C:\Users\rohit\OneDrive\Desktop\SessionAndBookingService\SessionAndBooking\src\test\resources
2026-01-31 08:57:24,744 [Worker-2: Loading available Gradle versions] INFO  o.e.b.c.i.u.g.PublishedGradleVersions - Gradle version information cache is up-to-date. Trying to read.
2026-01-31 08:58:20,035 [Worker-27: Importing Maven projects] INFO  o.e.m.c.i.l.LifecycleMappingFactory - Using org.eclipse.m2e.jdt.JarLifecycleMapping lifecycle mapping for MavenProject: com.example:SessionAndBooking:0.0.1-SNAPSHOT @ C:\Projects\BarterBrainsProject\BarterBrains\RESTapi\SessionAndBookingService\SessionAndBooking\pom.xml.
2026-01-31 08:58:22,163 [Worker-27: Importing Maven projects] INFO  o.e.m.j.i.AbstractJavaProjectConfigurator - Adding source folder /SessionAndBooking/src/main/java
2026-01-31 08:58:22,167 [Worker-27: Importing Maven projects] INFO  o.e.m.j.i.AbstractJavaProjectConfigurator - Adding resource folder /SessionAndBooking/src/main/resources
2026-01-31 08:58:22,177 [Worker-27: Importing Maven projects] INFO  o.e.m.j.i.AbstractJavaProjectConfigurator - Adding resource folder /SessionAndBooking/src/main/resources
2026-01-31 08:58:22,186 [Worker-27: Importing Maven projects] INFO  o.e.m.j.i.AbstractJavaProjectConfigurator - Adding source folder /SessionAndBooking/src/test/java
2026-01-31 08:58:22,189 [Worker-27: Importing Maven projects] INFO  o.e.m.j.i.AbstractJavaProjectConfigurator - Adding resource folder /SessionAndBooking/src/test/resources
2026-01-31 08:58:25,005 [Worker-27: Importing Maven projects] INFO  o.e.m.c.i.p.ProjectConfigurationManager - Imported and configured 1 project(s) in 9 sec
2026-01-31 08:58:25,691 [Worker-29: Updating Maven Project] INFO  o.e.m.c.i.p.ProjectConfigurationManager - Update started
2026-01-31 08:58:26,750 [Worker-29: Updating Maven Project] INFO  o.e.m.c.i.l.LifecycleMappingFactory - Using org.eclipse.m2e.jdt.JarLifecycleMapping lifecycle mapping for MavenProject: com.example:SessionAndBooking:0.0.1-SNAPSHOT @ C:\Projects\BarterBrainsProject\BarterBrains\RESTapi\SessionAndBookingService\SessionAndBooking\pom.xml.
2026-01-31 08:58:28,792 [Worker-29: Updating Maven Project] INFO  o.e.m.j.i.AbstractJavaProjectConfigurator - Adding source folder /SessionAndBooking/src/main/java
2026-01-31 08:58:28,795 [Worker-29: Updating Maven Project] INFO  o.e.m.j.i.AbstractJavaProjectConfigurator - Adding resource folder /SessionAndBooking/src/main/resources
2026-01-31 08:58:28,797 [Worker-29: Updating Maven Project] INFO  o.e.m.j.i.AbstractJavaProjectConfigurator - Adding resource folder /SessionAndBooking/src/main/resources
2026-01-31 08:58:28,798 [Worker-29: Updating Maven Project] INFO  o.e.m.j.i.AbstractJavaProjectConfigurator - Adding source folder /SessionAndBooking/src/test/java
2026-01-31 08:58:28,800 [Worker-29: Updating Maven Project] INFO  o.e.m.j.i.AbstractJavaProjectConfigurator - Adding resource folder /SessionAndBooking/src/test/resources
2026-01-31 08:58:30,529 [Worker-29: Updating Maven Project] INFO  o.e.m.c.i.p.ProjectConfigurationManager - Update completed for 1 poms: local refresh takes 0.00 sec, refresh facades takes 2.00 sec, update config takes 1.00 sec 
2026-01-31 08:58:33,788 [Worker-0: Building] INFO  o.a.m.s.f.DefaultMavenResourcesFiltering - Copying 1 resource from src\main\resources to target\classes
2026-01-31 08:58:33,884 [Worker-0: Building] INFO  o.a.m.s.f.DefaultMavenResourcesFiltering - Copying 0 resource from src\main\resources to target\classes
2026-01-31 08:58:33,899 [Worker-0: Building] INFO  o.a.m.s.f.DefaultMavenResourcesFiltering - skip non existing resourceDirectory C:\Projects\BarterBrainsProject\BarterBrains\RESTapi\SessionAndBookingService\SessionAndBooking\src\test\resources
2026-01-31 09:02:58,740 [Worker-20: Building] INFO  o.a.m.s.f.DefaultMavenResourcesFiltering - Copying 1 resource from src\main\resources to target\classes
2026-01-31 09:02:58,752 [Worker-20: Building] INFO  o.a.m.s.f.DefaultMavenResourcesFiltering - Copying 0 resource from src\main\resources to target\classes
2026-01-31 09:02:58,761 [Worker-20: Building] INFO  o.a.m.s.f.DefaultMavenResourcesFiltering - skip non existing resourceDirectory C:\Projects\BarterBrainsProject\BarterBrains\RESTapi\SessionAndBookingService\SessionAndBooking\src\test\resources
2026-01-31 09:03:12,813 [Worker-13: Building] INFO  o.a.m.s.f.DefaultMavenResourcesFiltering - Copying 1 resource from src\main\resources to target\classes
2026-01-31 09:03:12,829 [Worker-13: Building] INFO  o.a.m.s.f.DefaultMavenResourcesFiltering - Copying 0 resource from src\main\resources to target\classes
2026-01-31 09:03:12,837 [Worker-13: Building] INFO  o.a.m.s.f.DefaultMavenResourcesFiltering - skip non existing resourceDirectory C:\Projects\BarterBrainsProject\BarterBrains\RESTapi\SessionAndBookingService\SessionAndBooking\src\test\resources
2026-01-31 09:03:43,472 [Worker-19: Building] INFO  o.a.m.s.f.DefaultMavenResourcesFiltering - Copying 1 resource from src\main\resources to target\classes
2026-01-31 09:03:43,480 [Worker-19: Building] INFO  o.a.m.s.f.DefaultMavenResourcesFiltering - Copying 0 resource from src\main\resources to target\classes
2026-01-31 09:03:43,489 [Worker-19: Building] INFO  o.a.m.s.f.DefaultMavenResourcesFiltering - skip non existing resourceDirectory C:\Projects\BarterBrainsProject\BarterBrains\RESTapi\SessionAndBookingService\SessionAndBooking\src\test\resources
2026-01-31 09:03:57,717 [Worker-16: Building] INFO  o.a.m.s.f.DefaultMavenResourcesFiltering - Copying 1 resource from src\main\resources to target\classes
2026-01-31 09:03:57,726 [Worker-16: Building] INFO  o.a.m.s.f.DefaultMavenResourcesFiltering - Copying 0 resource from src\main\resources to target\classes
2026-01-31 09:03:57,734 [Worker-16: Building] INFO  o.a.m.s.f.DefaultMavenResourcesFiltering - skip non existing resourceDirectory C:\Projects\BarterBrainsProject\BarterBrains\RESTapi\SessionAndBookingService\SessionAndBooking\src\test\resources
2026-01-31 09:04:42,212 [Worker-24: Building] INFO  o.a.m.s.f.DefaultMavenResourcesFiltering - Copying 1 resource from src\main\resources to target\classes
2026-01-31 09:04:42,229 [Worker-24: Building] INFO  o.a.m.s.f.DefaultMavenResourcesFiltering - Copying 0 resource from src\main\resources to target\classes
2026-01-31 09:04:42,239 [Worker-24: Building] INFO  o.a.m.s.f.DefaultMavenResourcesFiltering - skip non existing resourceDirectory C:\Projects\BarterBrainsProject\BarterBrains\RESTapi\SessionAndBookingService\SessionAndBooking\src\test\resources
2026-01-31 09:04:53,409 [Worker-13: Building] INFO  o.a.m.s.f.DefaultMavenResourcesFiltering - Copying 1 resource from src\main\resources to target\classes
2026-01-31 09:04:53,418 [Worker-13: Building] INFO  o.a.m.s.f.DefaultMavenResourcesFiltering - Copying 0 resource from src\main\resources to target\classes
2026-01-31 09:04:53,425 [Worker-13: Building] INFO  o.a.m.s.f.DefaultMavenResourcesFiltering - skip non existing resourceDirectory C:\Projects\BarterBrainsProject\BarterBrains\RESTapi\SessionAndBookingService\SessionAndBooking\src\test\resources
2026-01-31 09:05:07,234 [Worker-19: Building] INFO  o.a.m.s.f.DefaultMavenResourcesFiltering - Copying 1 resource from src\main\resources to target\classes
2026-01-31 09:05:07,242 [Worker-19: Building] INFO  o.a.m.s.f.DefaultMavenResourcesFiltering - Copying 0 resource from src\main\resources to target\classes
2026-01-31 09:05:07,249 [Worker-19: Building] INFO  o.a.m.s.f.DefaultMavenResourcesFiltering - skip non existing resourceDirectory C:\Projects\BarterBrainsProject\BarterBrains\RESTapi\SessionAndBookingService\SessionAndBooking\src\test\resources
2026-01-31 09:05:18,881 [Worker-31: Building] INFO  o.a.m.s.f.DefaultMavenResourcesFiltering - Copying 1 resource from src\main\resources to target\classes
2026-01-31 09:05:18,887 [Worker-31: Building] INFO  o.a.m.s.f.DefaultMavenResourcesFiltering - Copying 0 resource from src\main\resources to target\classes
2026-01-31 09:05:18,893 [Worker-31: Building] INFO  o.a.m.s.f.DefaultMavenResourcesFiltering - skip non existing resourceDirectory C:\Projects\BarterBrainsProject\BarterBrains\RESTapi\SessionAndBookingService\SessionAndBooking\src\test\resources
2026-01-31 09:06:20,343 [Worker-19: Building] INFO  o.a.m.s.f.DefaultMavenResourcesFiltering - Copying 1 resource from src\main\resources to target\classes
2026-01-31 09:06:20,360 [Worker-19: Building] INFO  o.a.m.s.f.DefaultMavenResourcesFiltering - Copying 0 resource from src\main\resources to target\classes
2026-01-31 09:06:20,367 [Worker-19: Building] INFO  o.a.m.s.f.DefaultMavenResourcesFiltering - skip non existing resourceDirectory C:\Projects\BarterBrainsProject\BarterBrains\RESTapi\SessionAndBookingService\SessionAndBooking\src\test\resources
2026-01-31 09:06:32,040 [Worker-15: Building] INFO  o.a.m.s.f.DefaultMavenResourcesFiltering - Copying 1 resource from src\main\resources to target\classes
2026-01-31 09:06:32,047 [Worker-15: Building] INFO  o.a.m.s.f.DefaultMavenResourcesFiltering - Copying 0 resource from src\main\resources to target\classes
2026-01-31 09:06:32,055 [Worker-15: Building] INFO  o.a.m.s.f.DefaultMavenResourcesFiltering - skip non existing resourceDirectory C:\Projects\BarterBrainsProject\BarterBrains\RESTapi\SessionAndBookingService\SessionAndBooking\src\test\resources
2026-01-31 09:06:47,422 [Worker-26: Building] INFO  o.a.m.s.f.DefaultMavenResourcesFiltering - Copying 1 resource from src\main\resources to target\classes
2026-01-31 09:06:47,434 [Worker-26: Building] INFO  o.a.m.s.f.DefaultMavenResourcesFiltering - Copying 0 resource from src\main\resources to target\classes
2026-01-31 09:06:47,441 [Worker-26: Building] INFO  o.a.m.s.f.DefaultMavenResourcesFiltering - skip non existing resourceDirectory C:\Projects\BarterBrainsProject\BarterBrains\RESTapi\SessionAndBookingService\SessionAndBooking\src\test\resources
2026-01-31 09:06:58,933 [Worker-30: Building] INFO  o.a.m.s.f.DefaultMavenResourcesFiltering - Copying 1 resource from src\main\resources to target\classes
2026-01-31 09:06:58,939 [Worker-30: Building] INFO  o.a.m.s.f.DefaultMavenResourcesFiltering - Copying 0 resource from src\main\resources to target\classes
2026-01-31 09:06:58,946 [Worker-30: Building] INFO  o.a.m.s.f.DefaultMavenResourcesFiltering - skip non existing resourceDirectory C:\Projects\BarterBrainsProject\BarterBrains\RESTapi\SessionAndBookingService\SessionAndBooking\src\test\resources
2026-01-31 09:07:37,572 [Worker-30: Building] INFO  o.a.m.s.f.DefaultMavenResourcesFiltering - Copying 1 resource from src\main\resources to target\classes
2026-01-31 09:07:37,585 [Worker-30: Building] INFO  o.a.m.s.f.DefaultMavenResourcesFiltering - Copying 0 resource from src\main\resources to target\classes
2026-01-31 09:07:37,595 [Worker-30: Building] INFO  o.a.m.s.f.DefaultMavenResourcesFiltering - skip non existing resourceDirectory C:\Projects\BarterBrainsProject\BarterBrains\RESTapi\SessionAndBookingService\SessionAndBooking\src\test\resources
2026-01-31 09:07:51,595 [Worker-16: Building] INFO  o.a.m.s.f.DefaultMavenResourcesFiltering - Copying 1 resource from src\main\resources to target\classes
2026-01-31 09:07:51,604 [Worker-16: Building] INFO  o.a.m.s.f.DefaultMavenResourcesFiltering - Copying 0 resource from src\main\resources to target\classes
2026-01-31 09:07:51,610 [Worker-16: Building] INFO  o.a.m.s.f.DefaultMavenResourcesFiltering - skip non existing resourceDirectory C:\Projects\BarterBrainsProject\BarterBrains\RESTapi\SessionAndBookingService\SessionAndBooking\src\test\resources
2026-01-31 09:09:00,222 [Worker-29: Building] INFO  o.a.m.s.f.DefaultMavenResourcesFiltering - Copying 1 resource from src\main\resources to target\classes
2026-01-31 09:09:00,233 [Worker-29: Building] INFO  o.a.m.s.f.DefaultMavenResourcesFiltering - Copying 0 resource from src\main\resources to target\classes
2026-01-31 09:09:00,240 [Worker-29: Building] INFO  o.a.m.s.f.DefaultMavenResourcesFiltering - skip non existing resourceDirectory C:\Projects\BarterBrainsProject\BarterBrains\RESTapi\SessionAndBookingService\SessionAndBooking\src\test\resources
2026-01-31 09:09:12,789 [Worker-16: Building] INFO  o.a.m.s.f.DefaultMavenResourcesFiltering - Copying 1 resource from src\main\resources to target\classes
2026-01-31 09:09:12,800 [Worker-16: Building] INFO  o.a.m.s.f.DefaultMavenResourcesFiltering - Copying 0 resource from src\main\resources to target\classes
2026-01-31 09:09:12,808 [Worker-16: Building] INFO  o.a.m.s.f.DefaultMavenResourcesFiltering - skip non existing resourceDirectory C:\Projects\BarterBrainsProject\BarterBrains\RESTapi\SessionAndBookingService\SessionAndBooking\src\test\resources
2026-01-31 09:09:45,052 [Worker-28: Building] INFO  o.a.m.s.f.DefaultMavenResourcesFiltering - Copying 1 resource from src\main\resources to target\classes
2026-01-31 09:09:45,058 [Worker-28: Building] INFO  o.a.m.s.f.DefaultMavenResourcesFiltering - Copying 0 resource from src\main\resources to target\classes
2026-01-31 09:09:45,065 [Worker-28: Building] INFO  o.a.m.s.f.DefaultMavenResourcesFiltering - skip non existing resourceDirectory C:\Projects\BarterBrainsProject\BarterBrains\RESTapi\SessionAndBookingService\SessionAndBooking\src\test\resources
2026-01-31 09:09:54,711 [Worker-16: Building] INFO  o.a.m.s.f.DefaultMavenResourcesFiltering - Copying 1 resource from src\main\resources to target\classes
2026-01-31 09:09:54,716 [Worker-16: Building] INFO  o.a.m.s.f.DefaultMavenResourcesFiltering - Copying 0 resource from src\main\resources to target\classes
2026-01-31 09:09:54,723 [Worker-16: Building] INFO  o.a.m.s.f.DefaultMavenResourcesFiltering - skip non existing resourceDirectory C:\Projects\BarterBrainsProject\BarterBrains\RESTapi\SessionAndBookingService\SessionAndBooking\src\test\resources
2026-01-31 09:10:04,753 [Worker-16: Building] INFO  o.a.m.s.f.DefaultMavenResourcesFiltering - Copying 1 resource from src\main\resources to target\classes
2026-01-31 09:10:04,758 [Worker-16: Building] INFO  o.a.m.s.f.DefaultMavenResourcesFiltering - Copying 0 resource from src\main\resources to target\classes
2026-01-31 09:10:04,764 [Worker-16: Building] INFO  o.a.m.s.f.DefaultMavenResourcesFiltering - skip non existing resourceDirectory C:\Projects\BarterBrainsProject\BarterBrains\RESTapi\SessionAndBookingService\SessionAndBooking\src\test\resources
2026-01-31 09:11:16,694 [Worker-28: Building] INFO  o.a.m.s.f.DefaultMavenResourcesFiltering - Copying 1 resource from src\main\resources to target\classes
2026-01-31 09:11:16,703 [Worker-28: Building] INFO  o.a.m.s.f.DefaultMavenResourcesFiltering - Copying 0 resource from src\main\resources to target\classes
2026-01-31 09:11:16,711 [Worker-28: Building] INFO  o.a.m.s.f.DefaultMavenResourcesFiltering - skip non existing resourceDirectory C:\Projects\BarterBrainsProject\BarterBrains\RESTapi\SessionAndBookingService\SessionAndBooking\src\test\resources
2026-01-31 09:13:35,409 [Worker-14: Building] INFO  o.a.m.s.f.DefaultMavenResourcesFiltering - Copying 1 resource from src\main\resources to target\classes
2026-01-31 09:13:35,417 [Worker-14: Building] INFO  o.a.m.s.f.DefaultMavenResourcesFiltering - Copying 0 resource from src\main\resources to target\classes
2026-01-31 09:13:35,422 [Worker-14: Building] INFO  o.a.m.s.f.DefaultMavenResourcesFiltering - skip non existing resourceDirectory C:\Projects\BarterBrainsProject\BarterBrains\RESTapi\SessionAndBookingService\SessionAndBooking\src\test\resources
2026-01-31 09:14:27,417 [Worker-33: Building] INFO  o.a.m.s.f.DefaultMavenResourcesFiltering - Copying 1 resource from src\main\resources to target\classes
2026-01-31 09:14:27,425 [Worker-33: Building] INFO  o.a.m.s.f.DefaultMavenResourcesFiltering - Copying 0 resource from src\main\resources to target\classes
2026-01-31 09:14:27,432 [Worker-33: Building] INFO  o.a.m.s.f.DefaultMavenResourcesFiltering - skip non existing resourceDirectory C:\Projects\BarterBrainsProject\BarterBrains\RESTapi\SessionAndBookingService\SessionAndBooking\src\test\resources
2026-01-31 09:14:53,672 [Worker-33: Building] INFO  o.a.m.s.f.DefaultMavenResourcesFiltering - Copying 1 resource from src\main\resources to target\classes
2026-01-31 09:14:53,681 [Worker-33: Building] INFO  o.a.m.s.f.DefaultMavenResourcesFiltering - Copying 0 resource from src\main\resources to target\classes
2026-01-31 09:14:53,688 [Worker-33: Building] INFO  o.a.m.s.f.DefaultMavenResourcesFiltering - skip non existing resourceDirectory C:\Projects\BarterBrainsProject\BarterBrains\RESTapi\SessionAndBookingService\SessionAndBooking\src\test\resources
2026-01-31 09:15:10,016 [Worker-14: Building] INFO  o.a.m.s.f.DefaultMavenResourcesFiltering - Copying 1 resource from src\main\resources to target\classes
2026-01-31 09:15:10,021 [Worker-14: Building] INFO  o.a.m.s.f.DefaultMavenResourcesFiltering - Copying 0 resource from src\main\resources to target\classes
2026-01-31 09:15:10,028 [Worker-14: Building] INFO  o.a.m.s.f.DefaultMavenResourcesFiltering - skip non existing resourceDirectory C:\Projects\BarterBrainsProject\BarterBrains\RESTapi\SessionAndBookingService\SessionAndBooking\src\test\resources
2026-01-31 09:15:56,613 [Worker-16: Building] INFO  o.a.m.s.f.DefaultMavenResourcesFiltering - Copying 1 resource from src\main\resources to target\classes
2026-01-31 09:15:56,620 [Worker-16: Building] INFO  o.a.m.s.f.DefaultMavenResourcesFiltering - Copying 0 resource from src\main\resources to target\classes
2026-01-31 09:15:56,623 [Worker-16: Building] INFO  o.a.m.s.f.DefaultMavenResourcesFiltering - skip non existing resourceDirectory C:\Projects\BarterBrainsProject\BarterBrains\RESTapi\SessionAndBookingService\SessionAndBooking\src\test\resources
2026-01-31 09:16:15,541 [Worker-16: Building] INFO  o.a.m.s.f.DefaultMavenResourcesFiltering - Copying 1 resource from src\main\resources to target\classes
2026-01-31 09:16:15,546 [Worker-16: Building] INFO  o.a.m.s.f.DefaultMavenResourcesFiltering - Copying 0 resource from src\main\resources to target\classes
2026-01-31 09:16:15,553 [Worker-16: Building] INFO  o.a.m.s.f.DefaultMavenResourcesFiltering - skip non existing resourceDirectory C:\Projects\BarterBrainsProject\BarterBrains\RESTapi\SessionAndBookingService\SessionAndBooking\src\test\resources
2026-01-31 09:17:19,070 [Worker-19: Building] INFO  o.a.m.s.f.DefaultMavenResourcesFiltering - Copying 1 resource from src\main\resources to target\classes
2026-01-31 09:17:19,118 [Worker-19: Building] INFO  o.a.m.s.f.DefaultMavenResourcesFiltering - Copying 0 resource from src\main\resources to target\classes
2026-01-31 09:17:19,132 [Worker-19: Building] INFO  o.a.m.s.f.DefaultMavenResourcesFiltering - skip non existing resourceDirectory C:\Projects\BarterBrainsProject\BarterBrains\RESTapi\SessionAndBookingService\SessionAndBooking\src\test\resources
2026-01-31 09:17:42,935 [Worker-19: Building] INFO  o.a.m.s.f.DefaultMavenResourcesFiltering - Copying 1 resource from src\main\resources to target\classes
2026-01-31 09:17:42,980 [Worker-19: Building] INFO  o.a.m.s.f.DefaultMavenResourcesFiltering - Copying 0 resource from src\main\resources to target\classes
2026-01-31 09:17:42,990 [Worker-19: Building] INFO  o.a.m.s.f.DefaultMavenResourcesFiltering - skip non existing resourceDirectory C:\Projects\BarterBrainsProject\BarterBrains\RESTapi\SessionAndBookingService\SessionAndBooking\src\test\resources
2026-01-31 09:18:23,052 [Worker-14: Building] INFO  o.a.m.s.f.DefaultMavenResourcesFiltering - Copying 1 resource from src\main\resources to target\classes
2026-01-31 09:18:23,064 [Worker-14: Building] INFO  o.a.m.s.f.DefaultMavenResourcesFiltering - Copying 0 resource from src\main\resources to target\classes
2026-01-31 09:18:23,070 [Worker-14: Building] INFO  o.a.m.s.f.DefaultMavenResourcesFiltering - skip non existing resourceDirectory C:\Projects\BarterBrainsProject\BarterBrains\RESTapi\SessionAndBookingService\SessionAndBooking\src\test\resources
2026-01-31 09:19:26,306 [Worker-35: Building] INFO  o.a.m.s.f.DefaultMavenResourcesFiltering - Copying 1 resource from src\main\resources to target\classes
2026-01-31 09:19:26,317 [Worker-35: Building] INFO  o.a.m.s.f.DefaultMavenResourcesFiltering - Copying 0 resource from src\main\resources to target\classes
2026-01-31 09:19:26,322 [Worker-35: Building] INFO  o.a.m.s.f.DefaultMavenResourcesFiltering - skip non existing resourceDirectory C:\Projects\BarterBrainsProject\BarterBrains\RESTapi\SessionAndBookingService\SessionAndBooking\src\test\resources
2026-01-31 09:19:28,749 [Worker-32: Building] INFO  o.a.m.s.f.DefaultMavenResourcesFiltering - Copying 1 resource from src\main\resources to target\classes
2026-01-31 09:19:28,755 [Worker-32: Building] INFO  o.a.m.s.f.DefaultMavenResourcesFiltering - Copying 0 resource from src\main\resources to target\classes
2026-01-31 09:19:28,761 [Worker-32: Building] INFO  o.a.m.s.f.DefaultMavenResourcesFiltering - skip non existing resourceDirectory C:\Projects\BarterBrainsProject\BarterBrains\RESTapi\SessionAndBookingService\SessionAndBooking\src\test\resources
2026-01-31 09:20:10,753 [Worker-32: Building] INFO  o.a.m.s.f.DefaultMavenResourcesFiltering - Copying 1 resource from src\main\resources to target\classes
2026-01-31 09:20:10,761 [Worker-32: Building] INFO  o.a.m.s.f.DefaultMavenResourcesFiltering - Copying 0 resource from src\main\resources to target\classes
2026-01-31 09:20:10,767 [Worker-32: Building] INFO  o.a.m.s.f.DefaultMavenResourcesFiltering - skip non existing resourceDirectory C:\Projects\BarterBrainsProject\BarterBrains\RESTapi\SessionAndBookingService\SessionAndBooking\src\test\resources
2026-01-31 09:21:20,269 [Worker-14: Building] INFO  o.a.m.s.f.DefaultMavenResourcesFiltering - Copying 1 resource from src\main\resources to target\classes
2026-01-31 09:21:20,277 [Worker-14: Building] INFO  o.a.m.s.f.DefaultMavenResourcesFiltering - Copying 0 resource from src\main\resources to target\classes
2026-01-31 09:21:20,282 [Worker-14: Building] INFO  o.a.m.s.f.DefaultMavenResourcesFiltering - skip non existing resourceDirectory C:\Projects\BarterBrainsProject\BarterBrains\RESTapi\SessionAndBookingService\SessionAndBooking\src\test\resources
2026-01-31 09:21:41,306 [Worker-14: Building] INFO  o.a.m.s.f.DefaultMavenResourcesFiltering - Copying 1 resource from src\main\resources to target\classes
2026-01-31 09:21:41,314 [Worker-14: Building] INFO  o.a.m.s.f.DefaultMavenResourcesFiltering - Copying 0 resource from src\main\resources to target\classes
2026-01-31 09:21:41,320 [Worker-14: Building] INFO  o.a.m.s.f.DefaultMavenResourcesFiltering - skip non existing resourceDirectory C:\Projects\BarterBrainsProject\BarterBrains\RESTapi\SessionAndBookingService\SessionAndBooking\src\test\resources
2026-01-31 09:22:11,791 [Worker-19: Building] INFO  o.a.m.s.f.DefaultMavenResourcesFiltering - Copying 1 resource from src\main\resources to target\classes
2026-01-31 09:22:11,798 [Worker-19: Building] INFO  o.a.m.s.f.DefaultMavenResourcesFiltering - Copying 0 resource from src\main\resources to target\classes
2026-01-31 09:22:11,802 [Worker-19: Building] INFO  o.a.m.s.f.DefaultMavenResourcesFiltering - skip non existing resourceDirectory C:\Projects\BarterBrainsProject\BarterBrains\RESTapi\SessionAndBookingService\SessionAndBooking\src\test\resources
2026-01-31 09:22:24,142 [Worker-16: Building] INFO  o.a.m.s.f.DefaultMavenResourcesFiltering - Copying 1 resource from src\main\resources to target\classes
2026-01-31 09:22:24,167 [Worker-16: Building] INFO  o.a.m.s.f.DefaultMavenResourcesFiltering - Copying 0 resource from src\main\resources to target\classes
2026-01-31 09:22:24,175 [Worker-16: Building] INFO  o.a.m.s.f.DefaultMavenResourcesFiltering - skip non existing resourceDirectory C:\Projects\BarterBrainsProject\BarterBrains\RESTapi\SessionAndBookingService\SessionAndBooking\src\test\resources
2026-01-31 09:22:33,587 [Worker-34: Building] INFO  o.a.m.s.f.DefaultMavenResourcesFiltering - Copying 1 resource from src\main\resources to target\classes
2026-01-31 09:22:33,600 [Worker-34: Building] INFO  o.a.m.s.f.DefaultMavenResourcesFiltering - Copying 0 resource from src\main\resources to target\classes
2026-01-31 09:22:33,607 [Worker-34: Building] INFO  o.a.m.s.f.DefaultMavenResourcesFiltering - skip non existing resourceDirectory C:\Projects\BarterBrainsProject\BarterBrains\RESTapi\SessionAndBookingService\SessionAndBooking\src\test\resources
2026-01-31 09:22:37,328 [Worker-19: Building] INFO  o.a.m.s.f.DefaultMavenResourcesFiltering - Copying 1 resource from src\main\resources to target\classes
2026-01-31 09:22:37,336 [Worker-19: Building] INFO  o.a.m.s.f.DefaultMavenResourcesFiltering - Copying 0 resource from src\main\resources to target\classes
2026-01-31 09:22:37,343 [Worker-19: Building] INFO  o.a.m.s.f.DefaultMavenResourcesFiltering - skip non existing resourceDirectory C:\Projects\BarterBrainsProject\BarterBrains\RESTapi\SessionAndBookingService\SessionAndBooking\src\test\resources
2026-01-31 09:23:39,301 [Worker-14: Building] INFO  o.a.m.s.f.DefaultMavenResourcesFiltering - Copying 1 resource from src\main\resources to target\classes
2026-01-31 09:23:39,313 [Worker-14: Building] INFO  o.a.m.s.f.DefaultMavenResourcesFiltering - Copying 0 resource from src\main\resources to target\classes
2026-01-31 09:23:39,319 [Worker-14: Building] INFO  o.a.m.s.f.DefaultMavenResourcesFiltering - skip non existing resourceDirectory C:\Projects\BarterBrainsProject\BarterBrains\RESTapi\SessionAndBookingService\SessionAndBooking\src\test\resources
2026-01-31 09:27:51,050 [Worker-34: Building] INFO  o.a.m.s.f.DefaultMavenResourcesFiltering - Copying 1 resource from src\main\resources to target\classes
2026-01-31 09:27:51,118 [Worker-34: Building] INFO  o.a.m.s.f.DefaultMavenResourcesFiltering - Copying 0 resource from src\main\resources to target\classes
2026-01-31 09:27:51,129 [Worker-34: Building] INFO  o.a.m.s.f.DefaultMavenResourcesFiltering - skip non existing resourceDirectory C:\Projects\BarterBrainsProject\BarterBrains\RESTapi\SessionAndBookingService\SessionAndBooking\src\test\resources
2026-01-31 09:28:04,970 [Worker-34: Launching SessionAndBooking - SessionAndBookingApplication] INFO  o.a.m.s.f.DefaultMavenResourcesFiltering - Copying 1 resource from src\main\resources to target\classes
2026-01-31 09:28:05,087 [Worker-34: Launching SessionAndBooking - SessionAndBookingApplication] INFO  o.a.m.s.f.DefaultMavenResourcesFiltering - Copying 0 resource from src\main\resources to target\classes
2026-01-31 09:28:05,094 [Worker-34: Launching SessionAndBooking - SessionAndBookingApplication] INFO  o.a.m.s.f.DefaultMavenResourcesFiltering - skip non existing resourceDirectory C:\Projects\BarterBrainsProject\BarterBrains\RESTapi\SessionAndBookingService\SessionAndBooking\src\test\resources
2026-01-31 10:57:21,918 [Worker-52: Building] INFO  o.a.m.s.f.DefaultMavenResourcesFiltering - Copying 1 resource from src\main\resources to target\classes
2026-01-31 10:57:21,985 [Worker-52: Building] INFO  o.a.m.s.f.DefaultMavenResourcesFiltering - Copying 0 resource from src\main\resources to target\classes
2026-01-31 10:57:21,991 [Worker-52: Building] INFO  o.a.m.s.f.DefaultMavenResourcesFiltering - skip non existing resourceDirectory C:\Projects\BarterBrainsProject\BarterBrains\RESTapi\SessionAndBookingService\SessionAndBooking\src\test\resources
2026-01-31 10:58:11,747 [Worker-52: Building] INFO  o.a.m.s.f.DefaultMavenResourcesFiltering - Copying 1 resource from src\main\resources to target\classes
2026-01-31 10:58:11,866 [Worker-52: Building] INFO  o.a.m.s.f.DefaultMavenResourcesFiltering - Copying 0 resource from src\main\resources to target\classes
2026-01-31 10:58:11,875 [Worker-52: Building] INFO  o.a.m.s.f.DefaultMavenResourcesFiltering - skip non existing resourceDirectory C:\Projects\BarterBrainsProject\BarterBrains\RESTapi\SessionAndBookingService\SessionAndBooking\src\test\resources
2026-01-31 11:01:22,675 [Worker-51: Building] INFO  o.a.m.s.f.DefaultMavenResourcesFiltering - Copying 1 resource from src\main\resources to target\classes
2026-01-31 11:01:22,772 [Worker-51: Building] INFO  o.a.m.s.f.DefaultMavenResourcesFiltering - Copying 0 resource from src\main\resources to target\classes
2026-01-31 11:01:22,782 [Worker-51: Building] INFO  o.a.m.s.f.DefaultMavenResourcesFiltering - skip non existing resourceDirectory C:\Projects\BarterBrainsProject\BarterBrains\RESTapi\SessionAndBookingService\SessionAndBooking\src\test\resources
2026-01-31 11:09:03,241 [Worker-49: Building] INFO  o.a.m.s.f.DefaultMavenResourcesFiltering - Copying 1 resource from src\main\resources to target\classes
2026-01-31 11:09:03,312 [Worker-49: Building] INFO  o.a.m.s.f.DefaultMavenResourcesFiltering - Copying 0 resource from src\main\resources to target\classes
2026-01-31 11:09:03,317 [Worker-49: Building] INFO  o.a.m.s.f.DefaultMavenResourcesFiltering - skip non existing resourceDirectory C:\Projects\BarterBrainsProject\BarterBrains\RESTapi\SessionAndBookingService\SessionAndBooking\src\test\resources
2026-01-31 11:10:47,337 [Worker-49: Building] INFO  o.a.m.s.f.DefaultMavenResourcesFiltering - Copying 1 resource from src\main\resources to target\classes
2026-01-31 11:10:47,357 [Worker-49: Building] INFO  o.a.m.s.f.DefaultMavenResourcesFiltering - Copying 0 resource from src\main\resources to target\classes
2026-01-31 11:10:47,365 [Worker-49: Building] INFO  o.a.m.s.f.DefaultMavenResourcesFiltering - skip non existing resourceDirectory C:\Projects\BarterBrainsProject\BarterBrains\RESTapi\SessionAndBookingService\SessionAndBooking\src\test\resources
2026-01-31 11:14:05,498 [Worker-56: Building] INFO  o.a.m.s.f.DefaultMavenResourcesFiltering - Copying 1 resource from src\main\resources to target\classes
2026-01-31 11:14:05,533 [Worker-56: Building] INFO  o.a.m.s.f.DefaultMavenResourcesFiltering - Copying 0 resource from src\main\resources to target\classes
2026-01-31 11:14:05,539 [Worker-56: Building] INFO  o.a.m.s.f.DefaultMavenResourcesFiltering - skip non existing resourceDirectory C:\Projects\BarterBrainsProject\BarterBrains\RESTapi\SessionAndBookingService\SessionAndBooking\src\test\resources
2026-01-31 11:16:39,443 [Worker-45: Building] INFO  o.a.m.s.f.DefaultMavenResourcesFiltering - Copying 1 resource from src\main\resources to target\classes
2026-01-31 11:16:39,461 [Worker-45: Building] INFO  o.a.m.s.f.DefaultMavenResourcesFiltering - Copying 0 resource from src\main\resources to target\classes
2026-01-31 11:16:39,466 [Worker-45: Building] INFO  o.a.m.s.f.DefaultMavenResourcesFiltering - skip non existing resourceDirectory C:\Projects\BarterBrainsProject\BarterBrains\RESTapi\SessionAndBookingService\SessionAndBooking\src\test\resources
2026-01-31 11:17:13,782 [Worker-49: Building] INFO  o.a.m.s.f.DefaultMavenResourcesFiltering - Copying 1 resource from src\main\resources to target\classes
2026-01-31 11:17:13,810 [Worker-49: Building] INFO  o.a.m.s.f.DefaultMavenResourcesFiltering - Copying 0 resource from src\main\resources to target\classes
2026-01-31 11:17:13,816 [Worker-49: Building] INFO  o.a.m.s.f.DefaultMavenResourcesFiltering - skip non existing resourceDirectory C:\Projects\BarterBrainsProject\BarterBrains\RESTapi\SessionAndBookingService\SessionAndBooking\src\test\resources
2026-01-31 11:17:32,704 [Worker-45: Launching SessionAndBooking - SessionAndBookingApplication] INFO  o.a.m.s.f.DefaultMavenResourcesFiltering - Copying 1 resource from src\main\resources to target\classes
2026-01-31 11:17:32,712 [Worker-45: Launching SessionAndBooking - SessionAndBookingApplication] INFO  o.a.m.s.f.DefaultMavenResourcesFiltering - Copying 0 resource from src\main\resources to target\classes
2026-01-31 11:17:32,718 [Worker-45: Launching SessionAndBooking - SessionAndBookingApplication] INFO  o.a.m.s.f.DefaultMavenResourcesFiltering - skip non existing resourceDirectory C:\Projects\BarterBrainsProject\BarterBrains\RESTapi\SessionAndBookingService\SessionAndBooking\src\test\resources
2026-01-31 11:22:05,969 [Worker-55: Building] INFO  o.a.m.s.f.DefaultMavenResourcesFiltering - Copying 1 resource from src\main\resources to target\classes
2026-01-31 11:22:05,988 [Worker-55: Building] INFO  o.a.m.s.f.DefaultMavenResourcesFiltering - Copying 0 resource from src\main\resources to target\classes
2026-01-31 11:22:05,995 [Worker-55: Building] INFO  o.a.m.s.f.DefaultMavenResourcesFiltering - skip non existing resourceDirectory C:\Projects\BarterBrainsProject\BarterBrains\RESTapi\SessionAndBookingService\SessionAndBooking\src\test\resources
2026-01-31 11:26:20,750 [Worker-56: Building] INFO  o.a.m.s.f.DefaultMavenResourcesFiltering - Copying 1 resource from src\main\resources to target\classes
2026-01-31 11:26:20,778 [Worker-56: Building] INFO  o.a.m.s.f.DefaultMavenResourcesFiltering - Copying 0 resource from src\main\resources to target\classes
2026-01-31 11:26:20,785 [Worker-56: Building] INFO  o.a.m.s.f.DefaultMavenResourcesFiltering - skip non existing resourceDirectory C:\Projects\BarterBrainsProject\BarterBrains\RESTapi\SessionAndBookingService\SessionAndBooking\src\test\resources
2026-01-31 13:32:31,257 [Worker-57: Building] INFO  o.a.m.s.f.DefaultMavenResourcesFiltering - Copying 1 resource from src\main\resources to target\classes
2026-01-31 13:32:31,475 [Worker-57: Building] INFO  o.a.m.s.f.DefaultMavenResourcesFiltering - Copying 0 resource from src\main\resources to target\classes
2026-01-31 13:32:31,482 [Worker-57: Building] INFO  o.a.m.s.f.DefaultMavenResourcesFiltering - skip non existing resourceDirectory C:\Projects\BarterBrainsProject\BarterBrains\RESTapi\SessionAndBookingService\SessionAndBooking\src\test\resources
2026-01-31 13:33:29,744 [Worker-59: Building] INFO  o.a.m.s.f.DefaultMavenResourcesFiltering - Copying 1 resource from src\main\resources to target\classes
2026-01-31 13:33:29,947 [Worker-59: Building] INFO  o.a.m.s.f.DefaultMavenResourcesFiltering - Copying 0 resource from src\main\resources to target\classes
2026-01-31 13:33:29,956 [Worker-59: Building] INFO  o.a.m.s.f.DefaultMavenResourcesFiltering - skip non existing resourceDirectory C:\Projects\BarterBrainsProject\BarterBrains\RESTapi\SessionAndBookingService\SessionAndBooking\src\test\resources
2026-01-31 13:33:39,591 [Worker-49: Building] INFO  o.a.m.s.f.DefaultMavenResourcesFiltering - Copying 1 resource from src\main\resources to target\classes
2026-01-31 13:33:39,726 [Worker-49: Building] INFO  o.a.m.s.f.DefaultMavenResourcesFiltering - Copying 0 resource from src\main\resources to target\classes
2026-01-31 13:33:39,732 [Worker-49: Building] INFO  o.a.m.s.f.DefaultMavenResourcesFiltering - skip non existing resourceDirectory C:\Projects\BarterBrainsProject\BarterBrains\RESTapi\SessionAndBookingService\SessionAndBooking\src\test\resources
2026-01-31 13:35:36,679 [Worker-60: Building] INFO  o.a.m.s.f.DefaultMavenResourcesFiltering - Copying 1 resource from src\main\resources to target\classes
2026-01-31 13:35:36,709 [Worker-60: Building] INFO  o.a.m.s.f.DefaultMavenResourcesFiltering - Copying 0 resource from src\main\resources to target\classes
2026-01-31 13:35:36,717 [Worker-60: Building] INFO  o.a.m.s.f.DefaultMavenResourcesFiltering - skip non existing resourceDirectory C:\Projects\BarterBrainsProject\BarterBrains\RESTapi\SessionAndBookingService\SessionAndBooking\src\test\resources
2026-01-31 13:35:45,536 [Worker-57: Building] INFO  o.a.m.s.f.DefaultMavenResourcesFiltering - Copying 1 resource from src\main\resources to target\classes
2026-01-31 13:35:45,549 [Worker-57: Building] INFO  o.a.m.s.f.DefaultMavenResourcesFiltering - Copying 0 resource from src\main\resources to target\classes
2026-01-31 13:35:45,554 [Worker-57: Building] INFO  o.a.m.s.f.DefaultMavenResourcesFiltering - skip non existing resourceDirectory C:\Projects\BarterBrainsProject\BarterBrains\RESTapi\SessionAndBookingService\SessionAndBooking\src\test\resources
2026-01-31 13:36:55,237 [Worker-61: Building] INFO  o.a.m.s.f.DefaultMavenResourcesFiltering - Copying 1 resource from src\main\resources to target\classes
2026-01-31 13:36:55,247 [Worker-61: Building] INFO  o.a.m.s.f.DefaultMavenResourcesFiltering - Copying 0 resource from src\main\resources to target\classes
2026-01-31 13:36:55,253 [Worker-61: Building] INFO  o.a.m.s.f.DefaultMavenResourcesFiltering - skip non existing resourceDirectory C:\Projects\BarterBrainsProject\BarterBrains\RESTapi\SessionAndBookingService\SessionAndBooking\src\test\resources
2026-01-31 13:37:11,869 [Worker-60: Building] INFO  o.a.m.s.f.DefaultMavenResourcesFiltering - Copying 1 resource from src\main\resources to target\classes
2026-01-31 13:37:11,878 [Worker-60: Building] INFO  o.a.m.s.f.DefaultMavenResourcesFiltering - Copying 0 resource from src\main\resources to target\classes
2026-01-31 13:37:11,883 [Worker-60: Building] INFO  o.a.m.s.f.DefaultMavenResourcesFiltering - skip non existing resourceDirectory C:\Projects\BarterBrainsProject\BarterBrains\RESTapi\SessionAndBookingService\SessionAndBooking\src\test\resources
2026-01-31 13:38:00,841 [Worker-62: Building] INFO  o.a.m.s.f.DefaultMavenResourcesFiltering - Copying 1 resource from src\main\resources to target\classes
2026-01-31 13:38:00,851 [Worker-62: Building] INFO  o.a.m.s.f.DefaultMavenResourcesFiltering - Copying 0 resource from src\main\resources to target\classes
2026-01-31 13:38:00,857 [Worker-62: Building] INFO  o.a.m.s.f.DefaultMavenResourcesFiltering - skip non existing resourceDirectory C:\Projects\BarterBrainsProject\BarterBrains\RESTapi\SessionAndBookingService\SessionAndBooking\src\test\resources
2026-01-31 13:39:23,522 [Worker-60: Building] INFO  o.a.m.s.f.DefaultMavenResourcesFiltering - Copying 1 resource from src\main\resources to target\classes
2026-01-31 13:39:23,533 [Worker-60: Building] INFO  o.a.m.s.f.DefaultMavenResourcesFiltering - Copying 0 resource from src\main\resources to target\classes
2026-01-31 13:39:23,540 [Worker-60: Building] INFO  o.a.m.s.f.DefaultMavenResourcesFiltering - skip non existing resourceDirectory C:\Projects\BarterBrainsProject\BarterBrains\RESTapi\SessionAndBookingService\SessionAndBooking\src\test\resources
2026-01-31 13:39:34,303 [Worker-57: Building] INFO  o.a.m.s.f.DefaultMavenResourcesFiltering - Copying 1 resource from src\main\resources to target\classes
2026-01-31 13:39:34,314 [Worker-57: Building] INFO  o.a.m.s.f.DefaultMavenResourcesFiltering - Copying 0 resource from src\main\resources to target\classes
2026-01-31 13:39:34,321 [Worker-57: Building] INFO  o.a.m.s.f.DefaultMavenResourcesFiltering - skip non existing resourceDirectory C:\Projects\BarterBrainsProject\BarterBrains\RESTapi\SessionAndBookingService\SessionAndBooking\src\test\resources
2026-01-31 13:45:03,060 [Worker-61: Building] INFO  o.a.m.s.f.DefaultMavenResourcesFiltering - Copying 1 resource from src\main\resources to target\classes
2026-01-31 13:45:03,074 [Worker-61: Building] INFO  o.a.m.s.f.DefaultMavenResourcesFiltering - Copying 0 resource from src\main\resources to target\classes
2026-01-31 13:45:03,087 [Worker-61: Building] INFO  o.a.m.s.f.DefaultMavenResourcesFiltering - skip non existing resourceDirectory C:\Projects\BarterBrainsProject\BarterBrains\RESTapi\SessionAndBookingService\SessionAndBooking\src\test\resources
2026-01-31 13:47:29,486 [Worker-63: Building] INFO  o.a.m.s.f.DefaultMavenResourcesFiltering - Copying 1 resource from src\main\resources to target\classes
2026-01-31 13:47:29,510 [Worker-63: Building] INFO  o.a.m.s.f.DefaultMavenResourcesFiltering - Copying 0 resource from src\main\resources to target\classes
2026-01-31 13:47:29,517 [Worker-63: Building] INFO  o.a.m.s.f.DefaultMavenResourcesFiltering - skip non existing resourceDirectory C:\Projects\BarterBrainsProject\BarterBrains\RESTapi\SessionAndBookingService\SessionAndBooking\src\test\resources
2026-01-31 13:47:40,576 [Worker-63: Building] INFO  o.a.m.s.f.DefaultMavenResourcesFiltering - Copying 1 resource from src\main\resources to target\classes
2026-01-31 13:47:40,582 [Worker-63: Building] INFO  o.a.m.s.f.DefaultMavenResourcesFiltering - Copying 0 resource from src\main\resources to target\classes
2026-01-31 13:47:40,586 [Worker-63: Building] INFO  o.a.m.s.f.DefaultMavenResourcesFiltering - skip non existing resourceDirectory C:\Projects\BarterBrainsProject\BarterBrains\RESTapi\SessionAndBookingService\SessionAndBooking\src\test\resources
2026-01-31 13:47:48,468 [Worker-62: Building] INFO  o.a.m.s.f.DefaultMavenResourcesFiltering - Copying 1 resource from src\main\resources to target\classes
2026-01-31 13:47:48,480 [Worker-62: Building] INFO  o.a.m.s.f.DefaultMavenResourcesFiltering - Copying 0 resource from src\main\resources to target\classes
2026-01-31 13:47:48,484 [Worker-62: Building] INFO  o.a.m.s.f.DefaultMavenResourcesFiltering - skip non existing resourceDirectory C:\Projects\BarterBrainsProject\BarterBrains\RESTapi\SessionAndBookingService\SessionAndBooking\src\test\resources
2026-01-31 13:49:48,027 [Worker-62: Building] INFO  o.a.m.s.f.DefaultMavenResourcesFiltering - Copying 1 resource from src\main\resources to target\classes
2026-01-31 13:49:48,040 [Worker-62: Building] INFO  o.a.m.s.f.DefaultMavenResourcesFiltering - Copying 0 resource from src\main\resources to target\classes
2026-01-31 13:49:48,047 [Worker-62: Building] INFO  o.a.m.s.f.DefaultMavenResourcesFiltering - skip non existing resourceDirectory C:\Projects\BarterBrainsProject\BarterBrains\RESTapi\SessionAndBookingService\SessionAndBooking\src\test\resources
2026-01-31 13:50:05,140 [Worker-59: Building] INFO  o.a.m.s.f.DefaultMavenResourcesFiltering - Copying 1 resource from src\main\resources to target\classes
2026-01-31 13:50:05,149 [Worker-59: Building] INFO  o.a.m.s.f.DefaultMavenResourcesFiltering - Copying 0 resource from src\main\resources to target\classes
2026-01-31 13:50:05,153 [Worker-59: Building] INFO  o.a.m.s.f.DefaultMavenResourcesFiltering - skip non existing resourceDirectory C:\Projects\BarterBrainsProject\BarterBrains\RESTapi\SessionAndBookingService\SessionAndBooking\src\test\resources
2026-01-31 13:50:10,736 [Worker-49: Building] INFO  o.a.m.s.f.DefaultMavenResourcesFiltering - Copying 1 resource from src\main\resources to target\classes
2026-01-31 13:50:10,743 [Worker-49: Building] INFO  o.a.m.s.f.DefaultMavenResourcesFiltering - Copying 0 resource from src\main\resources to target\classes
2026-01-31 13:50:10,747 [Worker-49: Building] INFO  o.a.m.s.f.DefaultMavenResourcesFiltering - skip non existing resourceDirectory C:\Projects\BarterBrainsProject\BarterBrains\RESTapi\SessionAndBookingService\SessionAndBooking\src\test\resources
2026-01-31 13:53:49,322 [Worker-62: Building] INFO  o.a.m.s.f.DefaultMavenResourcesFiltering - Copying 1 resource from src\main\resources to target\classes
2026-01-31 13:53:49,334 [Worker-62: Building] INFO  o.a.m.s.f.DefaultMavenResourcesFiltering - Copying 0 resource from src\main\resources to target\classes
2026-01-31 13:53:49,339 [Worker-62: Building] INFO  o.a.m.s.f.DefaultMavenResourcesFiltering - skip non existing resourceDirectory C:\Projects\BarterBrainsProject\BarterBrains\RESTapi\SessionAndBookingService\SessionAndBooking\src\test\resources
2026-01-31 13:53:52,660 [Worker-62: Building] INFO  o.a.m.s.f.DefaultMavenResourcesFiltering - Copying 1 resource from src\main\resources to target\classes
2026-01-31 13:53:52,677 [Worker-62: Building] INFO  o.a.m.s.f.DefaultMavenResourcesFiltering - Copying 0 resource from src\main\resources to target\classes
2026-01-31 13:53:52,680 [Worker-62: Building] INFO  o.a.m.s.f.DefaultMavenResourcesFiltering - skip non existing resourceDirectory C:\Projects\BarterBrainsProject\BarterBrains\RESTapi\SessionAndBookingService\SessionAndBooking\src\test\resources
2026-01-31 13:54:05,794 [Worker-64: Building] INFO  o.a.m.s.f.DefaultMavenResourcesFiltering - Copying 1 resource from src\main\resources to target\classes
2026-01-31 13:54:05,802 [Worker-64: Building] INFO  o.a.m.s.f.DefaultMavenResourcesFiltering - Copying 0 resource from src\main\resources to target\classes
2026-01-31 13:54:05,808 [Worker-64: Building] INFO  o.a.m.s.f.DefaultMavenResourcesFiltering - skip non existing resourceDirectory C:\Projects\BarterBrainsProject\BarterBrains\RESTapi\SessionAndBookingService\SessionAndBooking\src\test\resources
2026-01-31 13:54:20,600 [Worker-57: Building] INFO  o.a.m.s.f.DefaultMavenResourcesFiltering - Copying 1 resource from src\main\resources to target\classes
2026-01-31 13:54:20,606 [Worker-57: Building] INFO  o.a.m.s.f.DefaultMavenResourcesFiltering - Copying 0 resource from src\main\resources to target\classes
2026-01-31 13:54:20,609 [Worker-57: Building] INFO  o.a.m.s.f.DefaultMavenResourcesFiltering - skip non existing resourceDirectory C:\Projects\BarterBrainsProject\BarterBrains\RESTapi\SessionAndBookingService\SessionAndBooking\src\test\resources
2026-01-31 13:54:36,083 [Worker-59: Building] INFO  o.a.m.s.f.DefaultMavenResourcesFiltering - Copying 1 resource from src\main\resources to target\classes
2026-01-31 13:54:36,090 [Worker-59: Building] INFO  o.a.m.s.f.DefaultMavenResourcesFiltering - Copying 0 resource from src\main\resources to target\classes
2026-01-31 13:54:36,094 [Worker-59: Building] INFO  o.a.m.s.f.DefaultMavenResourcesFiltering - skip non existing resourceDirectory C:\Projects\BarterBrainsProject\BarterBrains\RESTapi\SessionAndBookingService\SessionAndBooking\src\test\resources
2026-01-31 13:57:02,404 [Worker-61: Building] INFO  o.a.m.s.f.DefaultMavenResourcesFiltering - Copying 1 resource from src\main\resources to target\classes
2026-01-31 13:57:02,414 [Worker-61: Building] INFO  o.a.m.s.f.DefaultMavenResourcesFiltering - Copying 0 resource from src\main\resources to target\classes
2026-01-31 13:57:02,420 [Worker-61: Building] INFO  o.a.m.s.f.DefaultMavenResourcesFiltering - skip non existing resourceDirectory C:\Projects\BarterBrainsProject\BarterBrains\RESTapi\SessionAndBookingService\SessionAndBooking\src\test\resources
2026-01-31 13:57:46,622 [Worker-67: Launching SessionAndBooking - SessionAndBookingApplication] INFO  o.a.m.s.f.DefaultMavenResourcesFiltering - Copying 1 resource from src\main\resources to target\classes
2026-01-31 13:57:46,632 [Worker-67: Launching SessionAndBooking - SessionAndBookingApplication] INFO  o.a.m.s.f.DefaultMavenResourcesFiltering - Copying 0 resource from src\main\resources to target\classes
2026-01-31 13:57:46,637 [Worker-67: Launching SessionAndBooking - SessionAndBookingApplication] INFO  o.a.m.s.f.DefaultMavenResourcesFiltering - skip non existing resourceDirectory C:\Projects\BarterBrainsProject\BarterBrains\RESTapi\SessionAndBookingService\SessionAndBooking\src\test\resources
2026-01-31 18:03:41,689 [Worker-7: Loading available Gradle versions] INFO  o.e.b.c.i.u.g.PublishedGradleVersions - Gradle version information cache is up-to-date. Trying to read.
2026-01-31 19:59:01,287 [Worker-34: Building] INFO  o.a.m.s.f.DefaultMavenResourcesFiltering - Copying 1 resource from src\main\resources to target\classes
2026-01-31 19:59:01,381 [Worker-34: Building] INFO  o.a.m.s.f.DefaultMavenResourcesFiltering - Copying 0 resource from src\main\resources to target\classes
2026-01-31 19:59:01,391 [Worker-34: Building] INFO  o.a.m.s.f.DefaultMavenResourcesFiltering - skip non existing resourceDirectory C:\Projects\BarterBrainsProject\BarterBrains\RESTapi\SessionAndBookingService\SessionAndBooking\src\test\resources
2026-01-31 20:01:17,177 [Worker-33: Building] INFO  o.a.m.s.f.DefaultMavenResourcesFiltering - Copying 1 resource from src\main\resources to target\classes
2026-01-31 20:01:17,263 [Worker-33: Building] INFO  o.a.m.s.f.DefaultMavenResourcesFiltering - Copying 0 resource from src\main\resources to target\classes
2026-01-31 20:01:17,271 [Worker-33: Building] INFO  o.a.m.s.f.DefaultMavenResourcesFiltering - skip non existing resourceDirectory C:\Projects\BarterBrainsProject\BarterBrains\RESTapi\SessionAndBookingService\SessionAndBooking\src\test\resources
2026-01-31 20:05:00,221 [Worker-20: Building] INFO  o.a.m.s.f.DefaultMavenResourcesFiltering - Copying 1 resource from src\main\resources to target\classes
2026-01-31 20:05:00,265 [Worker-20: Building] INFO  o.a.m.s.f.DefaultMavenResourcesFiltering - Copying 0 resource from src\main\resources to target\classes
2026-01-31 20:05:00,276 [Worker-20: Building] INFO  o.a.m.s.f.DefaultMavenResourcesFiltering - skip non existing resourceDirectory C:\Projects\BarterBrainsProject\BarterBrains\RESTapi\SessionAndBookingService\SessionAndBooking\src\test\resources
2026-01-31 20:05:04,490 [Worker-21: Building] INFO  o.a.m.s.f.DefaultMavenResourcesFiltering - Copying 1 resource from src\main\resources to target\classes
2026-01-31 20:05:04,564 [Worker-21: Building] INFO  o.a.m.s.f.DefaultMavenResourcesFiltering - Copying 0 resource from src\main\resources to target\classes
2026-01-31 20:05:04,573 [Worker-21: Building] INFO  o.a.m.s.f.DefaultMavenResourcesFiltering - skip non existing resourceDirectory C:\Projects\BarterBrainsProject\BarterBrains\RESTapi\SessionAndBookingService\SessionAndBooking\src\test\resources
2026-01-31 21:00:57,379 [Worker-20: Building] INFO  o.a.m.s.f.DefaultMavenResourcesFiltering - Copying 1 resource from src\main\resources to target\classes
2026-01-31 21:00:57,407 [Worker-20: Building] INFO  o.a.m.s.f.DefaultMavenResourcesFiltering - Copying 0 resource from src\main\resources to target\classes
2026-01-31 21:00:57,417 [Worker-20: Building] INFO  o.a.m.s.f.DefaultMavenResourcesFiltering - skip non existing resourceDirectory C:\Projects\BarterBrainsProject\BarterBrains\RESTapi\SessionAndBookingService\SessionAndBooking\src\test\resources
2026-01-31 21:01:33,575 [Worker-20: Building] INFO  o.a.m.s.f.DefaultMavenResourcesFiltering - Copying 1 resource from src\main\resources to target\classes
2026-01-31 21:01:33,609 [Worker-20: Building] INFO  o.a.m.s.f.DefaultMavenResourcesFiltering - Copying 0 resource from src\main\resources to target\classes
2026-01-31 21:01:33,617 [Worker-20: Building] INFO  o.a.m.s.f.DefaultMavenResourcesFiltering - skip non existing resourceDirectory C:\Projects\BarterBrainsProject\BarterBrains\RESTapi\SessionAndBookingService\SessionAndBooking\src\test\resources
2026-01-31 21:01:53,127 [Worker-20: Building] INFO  o.a.m.s.f.DefaultMavenResourcesFiltering - Copying 1 resource from src\main\resources to target\classes
2026-01-31 21:01:53,204 [Worker-20: Building] INFO  o.a.m.s.f.DefaultMavenResourcesFiltering - Copying 0 resource from src\main\resources to target\classes
2026-01-31 21:01:53,212 [Worker-20: Building] INFO  o.a.m.s.f.DefaultMavenResourcesFiltering - skip non existing resourceDirectory C:\Projects\BarterBrainsProject\BarterBrains\RESTapi\SessionAndBookingService\SessionAndBooking\src\test\resources
2026-01-31 21:02:10,591 [Worker-37: Building] INFO  o.a.m.s.f.DefaultMavenResourcesFiltering - Copying 1 resource from src\main\resources to target\classes
2026-01-31 21:02:10,597 [Worker-37: Building] INFO  o.a.m.s.f.DefaultMavenResourcesFiltering - Copying 0 resource from src\main\resources to target\classes
2026-01-31 21:02:10,603 [Worker-37: Building] INFO  o.a.m.s.f.DefaultMavenResourcesFiltering - skip non existing resourceDirectory C:\Projects\BarterBrainsProject\BarterBrains\RESTapi\SessionAndBookingService\SessionAndBooking\src\test\resources
2026-01-31 21:02:31,637 [Worker-38: Building] INFO  o.a.m.s.f.DefaultMavenResourcesFiltering - Copying 1 resource from src\main\resources to target\classes
2026-01-31 21:02:31,654 [Worker-38: Building] INFO  o.a.m.s.f.DefaultMavenResourcesFiltering - Copying 0 resource from src\main\resources to target\classes
2026-01-31 21:02:31,662 [Worker-38: Building] INFO  o.a.m.s.f.DefaultMavenResourcesFiltering - skip non existing resourceDirectory C:\Projects\BarterBrainsProject\BarterBrains\RESTapi\SessionAndBookingService\SessionAndBooking\src\test\resources
2026-01-31 21:04:22,360 [Worker-36: Building] INFO  o.a.m.s.f.DefaultMavenResourcesFiltering - Copying 1 resource from src\main\resources to target\classes
2026-01-31 21:04:22,371 [Worker-36: Building] INFO  o.a.m.s.f.DefaultMavenResourcesFiltering - Copying 0 resource from src\main\resources to target\classes
2026-01-31 21:04:22,377 [Worker-36: Building] INFO  o.a.m.s.f.DefaultMavenResourcesFiltering - skip non existing resourceDirectory C:\Projects\BarterBrainsProject\BarterBrains\RESTapi\SessionAndBookingService\SessionAndBooking\src\test\resources
2026-01-31 21:04:41,048 [Worker-36: Building] INFO  o.a.m.s.f.DefaultMavenResourcesFiltering - Copying 1 resource from src\main\resources to target\classes
2026-01-31 21:04:41,056 [Worker-36: Building] INFO  o.a.m.s.f.DefaultMavenResourcesFiltering - Copying 0 resource from src\main\resources to target\classes
2026-01-31 21:04:41,061 [Worker-36: Building] INFO  o.a.m.s.f.DefaultMavenResourcesFiltering - skip non existing resourceDirectory C:\Projects\BarterBrainsProject\BarterBrains\RESTapi\SessionAndBookingService\SessionAndBooking\src\test\resources
2026-01-31 21:05:10,063 [Worker-38: Building] INFO  o.a.m.s.f.DefaultMavenResourcesFiltering - Copying 1 resource from src\main\resources to target\classes
2026-01-31 21:05:10,069 [Worker-38: Building] INFO  o.a.m.s.f.DefaultMavenResourcesFiltering - Copying 0 resource from src\main\resources to target\classes
2026-01-31 21:05:10,075 [Worker-38: Building] INFO  o.a.m.s.f.DefaultMavenResourcesFiltering - skip non existing resourceDirectory C:\Projects\BarterBrainsProject\BarterBrains\RESTapi\SessionAndBookingService\SessionAndBooking\src\test\resources
2026-01-31 21:05:50,517 [Worker-36: Building] INFO  o.a.m.s.f.DefaultMavenResourcesFiltering - Copying 1 resource from src\main\resources to target\classes
2026-01-31 21:05:50,524 [Worker-36: Building] INFO  o.a.m.s.f.DefaultMavenResourcesFiltering - Copying 0 resource from src\main\resources to target\classes
2026-01-31 21:05:50,528 [Worker-36: Building] INFO  o.a.m.s.f.DefaultMavenResourcesFiltering - skip non existing resourceDirectory C:\Projects\BarterBrainsProject\BarterBrains\RESTapi\SessionAndBookingService\SessionAndBooking\src\test\resources
2026-01-31 21:12:54,133 [Worker-39: Building] INFO  o.a.m.s.f.DefaultMavenResourcesFiltering - Copying 1 resource from src\main\resources to target\classes
2026-01-31 21:12:54,157 [Worker-39: Building] INFO  o.a.m.s.f.DefaultMavenResourcesFiltering - Copying 0 resource from src\main\resources to target\classes
2026-01-31 21:12:54,168 [Worker-39: Building] INFO  o.a.m.s.f.DefaultMavenResourcesFiltering - skip non existing resourceDirectory C:\Projects\BarterBrainsProject\BarterBrains\RESTapi\SessionAndBookingService\SessionAndBooking\src\test\resources
2026-01-31 21:13:25,867 [Worker-38: Building] INFO  o.a.m.s.f.DefaultMavenResourcesFiltering - Copying 1 resource from src\main\resources to target\classes
2026-01-31 21:13:25,887 [Worker-38: Building] INFO  o.a.m.s.f.DefaultMavenResourcesFiltering - Copying 0 resource from src\main\resources to target\classes
2026-01-31 21:13:25,894 [Worker-38: Building] INFO  o.a.m.s.f.DefaultMavenResourcesFiltering - skip non existing resourceDirectory C:\Projects\BarterBrainsProject\BarterBrains\RESTapi\SessionAndBookingService\SessionAndBooking\src\test\resources
2026-01-31 21:33:00,129 [Worker-37: Building] INFO  o.a.m.s.f.DefaultMavenResourcesFiltering - Copying 1 resource from src\main\resources to target\classes
2026-01-31 21:33:00,150 [Worker-37: Building] INFO  o.a.m.s.f.DefaultMavenResourcesFiltering - Copying 0 resource from src\main\resources to target\classes
2026-01-31 21:33:00,154 [Worker-37: Building] INFO  o.a.m.s.f.DefaultMavenResourcesFiltering - skip non existing resourceDirectory C:\Projects\BarterBrainsProject\BarterBrains\RESTapi\SessionAndBookingService\SessionAndBooking\src\test\resources
2026-01-31 21:33:40,507 [Worker-37: Launching SessionAndBooking - SessionAndBookingApplication] INFO  o.a.m.s.f.DefaultMavenResourcesFiltering - Copying 1 resource from src\main\resources to target\classes
2026-01-31 21:33:40,523 [Worker-37: Launching SessionAndBooking - SessionAndBookingApplication] INFO  o.a.m.s.f.DefaultMavenResourcesFiltering - Copying 0 resource from src\main\resources to target\classes
2026-01-31 21:33:40,528 [Worker-37: Launching SessionAndBooking - SessionAndBookingApplication] INFO  o.a.m.s.f.DefaultMavenResourcesFiltering - skip non existing resourceDirectory C:\Projects\BarterBrainsProject\BarterBrains\RESTapi\SessionAndBookingService\SessionAndBooking\src\test\resources
2026-01-31 21:39:03,275 [Worker-32: Building] INFO  o.a.m.s.f.DefaultMavenResourcesFiltering - Copying 1 resource from src\main\resources to target\classes
2026-01-31 21:39:03,299 [Worker-32: Building] INFO  o.a.m.s.f.DefaultMavenResourcesFiltering - Copying 0 resource from src\main\resources to target\classes
2026-01-31 21:39:03,309 [Worker-32: Building] INFO  o.a.m.s.f.DefaultMavenResourcesFiltering - skip non existing resourceDirectory C:\Projects\BarterBrainsProject\BarterBrains\RESTapi\SessionAndBookingService\SessionAndBooking\src\test\resources
2026-01-31 21:41:51,234 [Worker-42: Launching SessionAndBooking - SessionAndBookingApplication] INFO  o.a.m.s.f.DefaultMavenResourcesFiltering - Copying 1 resource from src\main\resources to target\classes
2026-01-31 21:41:51,338 [Worker-42: Launching SessionAndBooking - SessionAndBookingApplication] INFO  o.a.m.s.f.DefaultMavenResourcesFiltering - Copying 0 resource from src\main\resources to target\classes
2026-01-31 21:41:51,343 [Worker-42: Launching SessionAndBooking - SessionAndBookingApplication] INFO  o.a.m.s.f.DefaultMavenResourcesFiltering - skip non existing resourceDirectory C:\Projects\BarterBrainsProject\BarterBrains\RESTapi\SessionAndBookingService\SessionAndBooking\src\test\resources
2026-01-31 22:05:39,087 [Worker-44: Building] INFO  o.a.m.s.f.DefaultMavenResourcesFiltering - Copying 1 resource from src\main\resources to target\classes
2026-01-31 22:05:39,285 [Worker-44: Building] INFO  o.a.m.s.f.DefaultMavenResourcesFiltering - Copying 0 resource from src\main\resources to target\classes
2026-01-31 22:05:39,291 [Worker-44: Building] INFO  o.a.m.s.f.DefaultMavenResourcesFiltering - skip non existing resourceDirectory C:\Projects\BarterBrainsProject\BarterBrains\RESTapi\SessionAndBookingService\SessionAndBooking\src\test\resources
2026-01-31 22:05:41,059 [Worker-44: Building] INFO  o.a.m.s.f.DefaultMavenResourcesFiltering - Copying 1 resource from src\main\resources to target\classes
2026-01-31 22:05:41,223 [Worker-44: Building] INFO  o.a.m.s.f.DefaultMavenResourcesFiltering - Copying 0 resource from src\main\resources to target\classes
2026-01-31 22:05:41,231 [Worker-44: Building] INFO  o.a.m.s.f.DefaultMavenResourcesFiltering - skip non existing resourceDirectory C:\Projects\BarterBrainsProject\BarterBrains\RESTapi\SessionAndBookingService\SessionAndBooking\src\test\resources
2026-01-31 22:06:01,707 [Worker-40: Building] INFO  o.a.m.s.f.DefaultMavenResourcesFiltering - Copying 1 resource from src\main\resources to target\classes
2026-01-31 22:06:01,818 [Worker-40: Building] INFO  o.a.m.s.f.DefaultMavenResourcesFiltering - Copying 0 resource from src\main\resources to target\classes
2026-01-31 22:06:01,825 [Worker-40: Building] INFO  o.a.m.s.f.DefaultMavenResourcesFiltering - skip non existing resourceDirectory C:\Projects\BarterBrainsProject\BarterBrains\RESTapi\SessionAndBookingService\SessionAndBooking\src\test\resources
2026-01-31 22:06:14,130 [Worker-39: Building] INFO  o.a.m.s.f.DefaultMavenResourcesFiltering - Copying 1 resource from src\main\resources to target\classes
2026-01-31 22:06:14,158 [Worker-39: Building] INFO  o.a.m.s.f.DefaultMavenResourcesFiltering - Copying 0 resource from src\main\resources to target\classes
2026-01-31 22:06:14,164 [Worker-39: Building] INFO  o.a.m.s.f.DefaultMavenResourcesFiltering - skip non existing resourceDirectory C:\Projects\BarterBrainsProject\BarterBrains\RESTapi\SessionAndBookingService\SessionAndBooking\src\test\resources
2026-01-31 22:06:24,874 [Worker-45: Launching SessionAndBooking - SessionAndBookingApplication] INFO  o.a.m.s.f.DefaultMavenResourcesFiltering - Copying 1 resource from src\main\resources to target\classes
2026-01-31 22:06:24,888 [Worker-45: Launching SessionAndBooking - SessionAndBookingApplication] INFO  o.a.m.s.f.DefaultMavenResourcesFiltering - Copying 0 resource from src\main\resources to target\classes
2026-01-31 22:06:24,894 [Worker-45: Launching SessionAndBooking - SessionAndBookingApplication] INFO  o.a.m.s.f.DefaultMavenResourcesFiltering - skip non existing resourceDirectory C:\Projects\BarterBrainsProject\BarterBrains\RESTapi\SessionAndBookingService\SessionAndBooking\src\test\resources
2026-01-31 22:30:33,789 [Worker-44: Building] INFO  o.a.m.s.f.DefaultMavenResourcesFiltering - Copying 1 resource from src\main\resources to target\classes
2026-01-31 22:30:33,814 [Worker-44: Building] INFO  o.a.m.s.f.DefaultMavenResourcesFiltering - Copying 0 resource from src\main\resources to target\classes
2026-01-31 22:30:33,823 [Worker-44: Building] INFO  o.a.m.s.f.DefaultMavenResourcesFiltering - skip non existing resourceDirectory C:\Projects\BarterBrainsProject\BarterBrains\RESTapi\SessionAndBookingService\SessionAndBooking\src\test\resources
2026-01-31 22:31:20,810 [Worker-45: Building] INFO  o.a.m.s.f.DefaultMavenResourcesFiltering - Copying 1 resource from src\main\resources to target\classes
2026-01-31 22:31:20,830 [Worker-45: Building] INFO  o.a.m.s.f.DefaultMavenResourcesFiltering - Copying 0 resource from src\main\resources to target\classes
2026-01-31 22:31:20,839 [Worker-45: Building] INFO  o.a.m.s.f.DefaultMavenResourcesFiltering - skip non existing resourceDirectory C:\Projects\BarterBrainsProject\BarterBrains\RESTapi\SessionAndBookingService\SessionAndBooking\src\test\resources
2026-01-31 22:32:35,314 [Worker-38: Building] INFO  o.a.m.s.f.DefaultMavenResourcesFiltering - Copying 1 resource from src\main\resources to target\classes
2026-01-31 22:32:35,497 [Worker-38: Building] INFO  o.a.m.s.f.DefaultMavenResourcesFiltering - Copying 0 resource from src\main\resources to target\classes
2026-01-31 22:32:35,502 [Worker-38: Building] INFO  o.a.m.s.f.DefaultMavenResourcesFiltering - skip non existing resourceDirectory C:\Projects\BarterBrainsProject\BarterBrains\RESTapi\SessionAndBookingService\SessionAndBooking\src\test\resources
2026-01-31 22:33:28,287 [Worker-43: Building] INFO  o.a.m.s.f.DefaultMavenResourcesFiltering - Copying 1 resource from src\main\resources to target\classes
2026-01-31 22:33:28,296 [Worker-43: Building] INFO  o.a.m.s.f.DefaultMavenResourcesFiltering - Copying 0 resource from src\main\resources to target\classes
2026-01-31 22:33:28,302 [Worker-43: Building] INFO  o.a.m.s.f.DefaultMavenResourcesFiltering - skip non existing resourceDirectory C:\Projects\BarterBrainsProject\BarterBrains\RESTapi\SessionAndBookingService\SessionAndBooking\src\test\resources
2026-01-31 22:33:33,453 [Worker-41: Building] INFO  o.a.m.s.f.DefaultMavenResourcesFiltering - Copying 1 resource from src\main\resources to target\classes
2026-01-31 22:33:33,460 [Worker-41: Building] INFO  o.a.m.s.f.DefaultMavenResourcesFiltering - Copying 0 resource from src\main\resources to target\classes
2026-01-31 22:33:33,465 [Worker-41: Building] INFO  o.a.m.s.f.DefaultMavenResourcesFiltering - skip non existing resourceDirectory C:\Projects\BarterBrainsProject\BarterBrains\RESTapi\SessionAndBookingService\SessionAndBooking\src\test\resources
2026-01-31 22:33:55,641 [Worker-38: Building] INFO  o.a.m.s.f.DefaultMavenResourcesFiltering - Copying 1 resource from src\main\resources to target\classes
2026-01-31 22:33:55,660 [Worker-38: Building] INFO  o.a.m.s.f.DefaultMavenResourcesFiltering - Copying 0 resource from src\main\resources to target\classes
2026-01-31 22:33:55,666 [Worker-38: Building] INFO  o.a.m.s.f.DefaultMavenResourcesFiltering - skip non existing resourceDirectory C:\Projects\BarterBrainsProject\BarterBrains\RESTapi\SessionAndBookingService\SessionAndBooking\src\test\resources
2026-01-31 22:38:59,278 [Worker-44: Building] INFO  o.a.m.s.f.DefaultMavenResourcesFiltering - Copying 1 resource from src\main\resources to target\classes
2026-01-31 22:38:59,295 [Worker-44: Building] INFO  o.a.m.s.f.DefaultMavenResourcesFiltering - Copying 0 resource from src\main\resources to target\classes
2026-01-31 22:38:59,298 [Worker-44: Building] INFO  o.a.m.s.f.DefaultMavenResourcesFiltering - skip non existing resourceDirectory C:\Projects\BarterBrainsProject\BarterBrains\RESTapi\SessionAndBookingService\SessionAndBooking\src\test\resources
2026-02-01 09:17:16,384 [Worker-7: Loading available Gradle versions] INFO  o.e.b.c.i.u.g.PublishedGradleVersions - Gradle version information cache is out-of-date. Trying to update.
2026-02-01 09:53:35,431 [Start Help Server] INFO  org.eclipse.jetty.server.Server - jetty-12.0.21; built: 2025-05-09T00:32:00.688Z; git: 1c4719601e31b05b7d68910d2edd980259f1f53c; jvm 21.0.7+6-LTS
2026-02-01 09:53:35,666 [Start Help Server] INFO  o.e.j.server.handler.ContextHandler - Started oeje8n.ContextHandler$CoreContextHandler@3a18f57{/help,/help,b=null,a=AVAILABLE,h=oeje8n.ContextHandler$CoreContextHandler$CoreToNestedHandler@5fd8fe41{STARTED}}
2026-02-01 09:53:35,670 [Start Help Server] INFO  o.e.j.s.DefaultSessionIdManager - Session workerName=node0
2026-02-01 09:53:35,749 [Start Help Server] INFO  o.e.jetty.server.AbstractConnector - Started ServerConnector@64e74d81{HTTP/1.1, (http/1.1)}{127.0.0.1:62060}
2026-02-01 09:53:35,816 [Start Help Server] INFO  org.eclipse.jetty.server.Server - Started oejs.Server@1bec8b7b{STARTING}[12.0.21,sto=0] @2227599ms
2026-02-01 09:56:52,279 [Worker-2: Building] INFO  o.a.m.s.f.DefaultMavenResourcesFiltering - Copying 1 resource from src\main\resources to target\classes
2026-02-01 09:56:52,338 [Worker-2: Building] INFO  o.a.m.s.f.DefaultMavenResourcesFiltering - Copying 0 resource from src\main\resources to target\classes
2026-02-01 09:56:52,347 [Worker-2: Building] INFO  o.a.m.s.f.DefaultMavenResourcesFiltering - skip non existing resourceDirectory C:\Projects\BarterBrainsProject\BarterBrains\RESTapi\SessionAndBookingService\SessionAndBooking\src\test\resources
2026-02-01 09:57:03,230 [Worker-2: Building] INFO  o.a.m.s.f.DefaultMavenResourcesFiltering - Copying 1 resource from src\main\resources to target\classes
2026-02-01 09:57:03,237 [Worker-2: Building] INFO  o.a.m.s.f.DefaultMavenResourcesFiltering - Copying 0 resource from src\main\resources to target\classes
2026-02-01 09:57:03,243 [Worker-2: Building] INFO  o.a.m.s.f.DefaultMavenResourcesFiltering - skip non existing resourceDirectory C:\Projects\BarterBrainsProject\BarterBrains\RESTapi\SessionAndBookingService\SessionAndBooking\src\test\resources
2026-02-01 09:57:08,083 [Worker-30: Building] INFO  o.a.m.s.f.DefaultMavenResourcesFiltering - Copying 1 resource from src\main\resources to target\classes
2026-02-01 09:57:08,093 [Worker-30: Building] INFO  o.a.m.s.f.DefaultMavenResourcesFiltering - Copying 0 resource from src\main\resources to target\classes
2026-02-01 09:57:08,102 [Worker-30: Building] INFO  o.a.m.s.f.DefaultMavenResourcesFiltering - skip non existing resourceDirectory C:\Projects\BarterBrainsProject\BarterBrains\RESTapi\SessionAndBookingService\SessionAndBooking\src\test\resources
2026-02-01 09:57:14,657 [Worker-34: Building] INFO  o.a.m.s.f.DefaultMavenResourcesFiltering - Copying 1 resource from src\main\resources to target\classes
2026-02-01 09:57:14,707 [Worker-34: Building] INFO  o.a.m.s.f.DefaultMavenResourcesFiltering - Copying 0 resource from src\main\resources to target\classes
2026-02-01 09:57:14,722 [Worker-34: Building] INFO  o.a.m.s.f.DefaultMavenResourcesFiltering - skip non existing resourceDirectory C:\Projects\BarterBrainsProject\BarterBrains\RESTapi\SessionAndBookingService\SessionAndBooking\src\test\resources
2026-02-01 09:57:23,007 [Worker-2: Building] INFO  o.a.m.s.f.DefaultMavenResourcesFiltering - Copying 1 resource from src\main\resources to target\classes
2026-02-01 09:57:23,017 [Worker-2: Building] INFO  o.a.m.s.f.DefaultMavenResourcesFiltering - Copying 0 resource from src\main\resources to target\classes
2026-02-01 09:57:23,028 [Worker-2: Building] INFO  o.a.m.s.f.DefaultMavenResourcesFiltering - skip non existing resourceDirectory C:\Projects\BarterBrainsProject\BarterBrains\RESTapi\SessionAndBookingService\SessionAndBooking\src\test\resources
2026-02-01 09:58:05,070 [Worker-30: Building] INFO  o.a.m.s.f.DefaultMavenResourcesFiltering - Copying 1 resource from src\main\resources to target\classes
2026-02-01 09:58:05,078 [Worker-30: Building] INFO  o.a.m.s.f.DefaultMavenResourcesFiltering - Copying 0 resource from src\main\resources to target\classes
2026-02-01 09:58:05,085 [Worker-30: Building] INFO  o.a.m.s.f.DefaultMavenResourcesFiltering - skip non existing resourceDirectory C:\Projects\BarterBrainsProject\BarterBrains\RESTapi\SessionAndBookingService\SessionAndBooking\src\test\resources
2026-02-01 10:23:22,703 [Worker-30: Building] INFO  o.a.m.s.f.DefaultMavenResourcesFiltering - Copying 1 resource from src\main\resources to target\classes
2026-02-01 10:23:22,742 [Worker-30: Building] INFO  o.a.m.s.f.DefaultMavenResourcesFiltering - Copying 0 resource from src\main\resources to target\classes
2026-02-01 10:23:23,056 [Worker-30: Building] INFO  o.a.m.s.f.DefaultMavenResourcesFiltering - skip non existing resourceDirectory C:\Projects\BarterBrainsProject\BarterBrains\RESTapi\SessionAndBookingService\SessionAndBooking\src\test\resources
2026-02-01 10:24:52,811 [Worker-30: Building] INFO  o.a.m.s.f.DefaultMavenResourcesFiltering - Copying 1 resource from src\main\resources to target\classes
2026-02-01 10:24:52,840 [Worker-30: Building] INFO  o.a.m.s.f.DefaultMavenResourcesFiltering - Copying 0 resource from src\main\resources to target\classes
2026-02-01 10:24:52,847 [Worker-30: Building] INFO  o.a.m.s.f.DefaultMavenResourcesFiltering - skip non existing resourceDirectory C:\Projects\BarterBrainsProject\BarterBrains\RESTapi\SessionAndBookingService\SessionAndBooking\src\test\resources
2026-02-01 10:26:10,999 [Worker-32: Building] INFO  o.a.m.s.f.DefaultMavenResourcesFiltering - Copying 1 resource from src\main\resources to target\classes
2026-02-01 10:26:11,037 [Worker-32: Building] INFO  o.a.m.s.f.DefaultMavenResourcesFiltering - Copying 0 resource from src\main\resources to target\classes
2026-02-01 10:26:11,046 [Worker-32: Building] INFO  o.a.m.s.f.DefaultMavenResourcesFiltering - skip non existing resourceDirectory C:\Projects\BarterBrainsProject\BarterBrains\RESTapi\SessionAndBookingService\SessionAndBooking\src\test\resources
2026-02-01 10:27:13,396 [Worker-2: Building] INFO  o.a.m.s.f.DefaultMavenResourcesFiltering - Copying 1 resource from src\main\resources to target\classes
2026-02-01 10:27:13,405 [Worker-2: Building] INFO  o.a.m.s.f.DefaultMavenResourcesFiltering - Copying 0 resource from src\main\resources to target\classes
2026-02-01 10:27:13,414 [Worker-2: Building] INFO  o.a.m.s.f.DefaultMavenResourcesFiltering - skip non existing resourceDirectory C:\Projects\BarterBrainsProject\BarterBrains\RESTapi\SessionAndBookingService\SessionAndBooking\src\test\resources
2026-02-01 10:28:00,896 [Worker-37: Building] INFO  o.a.m.s.f.DefaultMavenResourcesFiltering - Copying 1 resource from src\main\resources to target\classes
2026-02-01 10:28:00,908 [Worker-37: Building] INFO  o.a.m.s.f.DefaultMavenResourcesFiltering - Copying 0 resource from src\main\resources to target\classes
2026-02-01 10:28:00,915 [Worker-37: Building] INFO  o.a.m.s.f.DefaultMavenResourcesFiltering - skip non existing resourceDirectory C:\Projects\BarterBrainsProject\BarterBrains\RESTapi\SessionAndBookingService\SessionAndBooking\src\test\resources
2026-02-01 10:31:57,877 [Worker-30: Building] INFO  o.a.m.s.f.DefaultMavenResourcesFiltering - Copying 1 resource from src\main\resources to target\classes
2026-02-01 10:31:57,901 [Worker-30: Building] INFO  o.a.m.s.f.DefaultMavenResourcesFiltering - Copying 0 resource from src\main\resources to target\classes
2026-02-01 10:31:57,911 [Worker-30: Building] INFO  o.a.m.s.f.DefaultMavenResourcesFiltering - skip non existing resourceDirectory C:\Projects\BarterBrainsProject\BarterBrains\RESTapi\SessionAndBookingService\SessionAndBooking\src\test\resources
2026-02-01 10:32:20,790 [Worker-30: Building] INFO  o.a.m.s.f.DefaultMavenResourcesFiltering - Copying 1 resource from src\main\resources to target\classes
2026-02-01 10:32:20,860 [Worker-30: Building] INFO  o.a.m.s.f.DefaultMavenResourcesFiltering - Copying 0 resource from src\main\resources to target\classes
2026-02-01 10:32:20,870 [Worker-30: Building] INFO  o.a.m.s.f.DefaultMavenResourcesFiltering - skip non existing resourceDirectory C:\Projects\BarterBrainsProject\BarterBrains\RESTapi\SessionAndBookingService\SessionAndBooking\src\test\resources
2026-02-01 10:39:02,800 [Worker-38: Building] INFO  o.a.m.s.f.DefaultMavenResourcesFiltering - Copying 1 resource from src\main\resources to target\classes
2026-02-01 10:39:02,835 [Worker-38: Building] INFO  o.a.m.s.f.DefaultMavenResourcesFiltering - Copying 0 resource from src\main\resources to target\classes
2026-02-01 10:39:02,847 [Worker-38: Building] INFO  o.a.m.s.f.DefaultMavenResourcesFiltering - skip non existing resourceDirectory C:\Projects\BarterBrainsProject\BarterBrains\RESTapi\SessionAndBookingService\SessionAndBooking\src\test\resources
2026-02-01 10:39:07,082 [Worker-39: Building] INFO  o.a.m.s.f.DefaultMavenResourcesFiltering - Copying 1 resource from src\main\resources to target\classes
2026-02-01 10:39:07,109 [Worker-39: Building] INFO  o.a.m.s.f.DefaultMavenResourcesFiltering - Copying 0 resource from src\main\resources to target\classes
2026-02-01 10:39:07,116 [Worker-39: Building] INFO  o.a.m.s.f.DefaultMavenResourcesFiltering - skip non existing resourceDirectory C:\Projects\BarterBrainsProject\BarterBrains\RESTapi\SessionAndBookingService\SessionAndBooking\src\test\resources
2026-02-01 10:39:12,436 [Worker-37: Building] INFO  o.a.m.s.f.DefaultMavenResourcesFiltering - Copying 1 resource from src\main\resources to target\classes
2026-02-01 10:39:12,464 [Worker-37: Building] INFO  o.a.m.s.f.DefaultMavenResourcesFiltering - Copying 0 resource from src\main\resources to target\classes
2026-02-01 10:39:12,471 [Worker-37: Building] INFO  o.a.m.s.f.DefaultMavenResourcesFiltering - skip non existing resourceDirectory C:\Projects\BarterBrainsProject\BarterBrains\RESTapi\SessionAndBookingService\SessionAndBooking\src\test\resources
2026-02-01 10:39:39,531 [Worker-2: Building] INFO  o.a.m.s.f.DefaultMavenResourcesFiltering - Copying 1 resource from src\main\resources to target\classes
2026-02-01 10:39:39,544 [Worker-2: Building] INFO  o.a.m.s.f.DefaultMavenResourcesFiltering - Copying 0 resource from src\main\resources to target\classes
2026-02-01 10:39:39,554 [Worker-2: Building] INFO  o.a.m.s.f.DefaultMavenResourcesFiltering - skip non existing resourceDirectory C:\Projects\BarterBrainsProject\BarterBrains\RESTapi\SessionAndBookingService\SessionAndBooking\src\test\resources
2026-02-01 10:40:05,499 [Stop Help Server] INFO  org.eclipse.jetty.server.Server - Stopped oejs.Server@1bec8b7b{STOPPING}[12.0.21,sto=0]
2026-02-01 10:40:05,987 [Stop Help Server] INFO  o.e.jetty.server.AbstractConnector - Stopped ServerConnector@64e74d81{HTTP/1.1, (http/1.1)}{127.0.0.1:0}
2026-02-01 12:10:34,373 [Worker-8: Loading available Gradle versions] INFO  o.e.b.c.i.u.g.PublishedGradleVersions - Gradle version information cache is up-to-date. Trying to read.
2026-02-01 12:26:41,058 [Worker-26: Building] INFO  o.a.m.s.f.DefaultMavenResourcesFiltering - Copying 1 resource from src\main\resources to target\classes
2026-02-01 12:26:41,168 [Worker-26: Building] INFO  o.a.m.s.f.DefaultMavenResourcesFiltering - Copying 0 resource from src\main\resources to target\classes
2026-02-01 12:26:41,178 [Worker-26: Building] INFO  o.a.m.s.f.DefaultMavenResourcesFiltering - skip non existing resourceDirectory C:\Projects\BarterBrainsProject\BarterBrains\RESTapi\SessionAndBookingService\SessionAndBooking\src\test\resources
2026-02-01 12:31:58,158 [Worker-17: Building] INFO  o.a.m.s.f.DefaultMavenResourcesFiltering - Copying 1 resource from src\main\resources to target\classes
2026-02-01 12:31:58,248 [Worker-17: Building] INFO  o.a.m.s.f.DefaultMavenResourcesFiltering - Copying 0 resource from src\main\resources to target\classes
2026-02-01 12:31:58,258 [Worker-17: Building] INFO  o.a.m.s.f.DefaultMavenResourcesFiltering - skip non existing resourceDirectory C:\Projects\BarterBrainsProject\BarterBrains\RESTapi\SessionAndBookingService\SessionAndBooking\src\test\resources
2026-02-01 12:33:00,379 [Worker-23: Building] INFO  o.a.m.s.f.DefaultMavenResourcesFiltering - Copying 1 resource from src\main\resources to target\classes
2026-02-01 12:33:00,462 [Worker-23: Building] INFO  o.a.m.s.f.DefaultMavenResourcesFiltering - Copying 0 resource from src\main\resources to target\classes
2026-02-01 12:33:00,470 [Worker-23: Building] INFO  o.a.m.s.f.DefaultMavenResourcesFiltering - skip non existing resourceDirectory C:\Projects\BarterBrainsProject\BarterBrains\RESTapi\SessionAndBookingService\SessionAndBooking\src\test\resources
2026-02-01 12:47:25,982 [Worker-28: Building] INFO  o.a.m.s.f.DefaultMavenResourcesFiltering - Copying 1 resource from src\main\resources to target\classes
2026-02-01 12:47:26,109 [Worker-28: Building] INFO  o.a.m.s.f.DefaultMavenResourcesFiltering - Copying 0 resource from src\main\resources to target\classes
2026-02-01 12:47:26,118 [Worker-28: Building] INFO  o.a.m.s.f.DefaultMavenResourcesFiltering - skip non existing resourceDirectory C:\Projects\BarterBrainsProject\BarterBrains\RESTapi\SessionAndBookingService\SessionAndBooking\src\test\resources
2026-02-01 12:49:37,591 [Worker-27: Building] INFO  o.a.m.s.f.DefaultMavenResourcesFiltering - Copying 1 resource from src\main\resources to target\classes
2026-02-01 12:49:37,619 [Worker-27: Building] INFO  o.a.m.s.f.DefaultMavenResourcesFiltering - Copying 0 resource from src\main\resources to target\classes
2026-02-01 12:49:37,626 [Worker-27: Building] INFO  o.a.m.s.f.DefaultMavenResourcesFiltering - skip non existing resourceDirectory C:\Projects\BarterBrainsProject\BarterBrains\RESTapi\SessionAndBookingService\SessionAndBooking\src\test\resources
2026-02-01 12:49:52,173 [Worker-20: Building] INFO  o.a.m.s.f.DefaultMavenResourcesFiltering - Copying 1 resource from src\main\resources to target\classes
2026-02-01 12:49:52,180 [Worker-20: Building] INFO  o.a.m.s.f.DefaultMavenResourcesFiltering - Copying 0 resource from src\main\resources to target\classes
2026-02-01 12:49:52,187 [Worker-20: Building] INFO  o.a.m.s.f.DefaultMavenResourcesFiltering - skip non existing resourceDirectory C:\Projects\BarterBrainsProject\BarterBrains\RESTapi\SessionAndBookingService\SessionAndBooking\src\test\resources
2026-02-01 12:50:13,610 [Worker-13: Building] INFO  o.a.m.s.f.DefaultMavenResourcesFiltering - Copying 1 resource from src\main\resources to target\classes
2026-02-01 12:50:13,619 [Worker-13: Building] INFO  o.a.m.s.f.DefaultMavenResourcesFiltering - Copying 0 resource from src\main\resources to target\classes
2026-02-01 12:50:13,626 [Worker-13: Building] INFO  o.a.m.s.f.DefaultMavenResourcesFiltering - skip non existing resourceDirectory C:\Projects\BarterBrainsProject\BarterBrains\RESTapi\SessionAndBookingService\SessionAndBooking\src\test\resources
2026-02-01 12:50:41,047 [Worker-27: Building] INFO  o.a.m.s.f.DefaultMavenResourcesFiltering - Copying 1 resource from src\main\resources to target\classes
2026-02-01 12:50:41,054 [Worker-27: Building] INFO  o.a.m.s.f.DefaultMavenResourcesFiltering - Copying 0 resource from src\main\resources to target\classes
2026-02-01 12:50:41,059 [Worker-27: Building] INFO  o.a.m.s.f.DefaultMavenResourcesFiltering - skip non existing resourceDirectory C:\Projects\BarterBrainsProject\BarterBrains\RESTapi\SessionAndBookingService\SessionAndBooking\src\test\resources
2026-02-01 12:50:54,067 [Worker-27: Building] INFO  o.a.m.s.f.DefaultMavenResourcesFiltering - Copying 1 resource from src\main\resources to target\classes
2026-02-01 12:50:54,073 [Worker-27: Building] INFO  o.a.m.s.f.DefaultMavenResourcesFiltering - Copying 0 resource from src\main\resources to target\classes
2026-02-01 12:50:54,078 [Worker-27: Building] INFO  o.a.m.s.f.DefaultMavenResourcesFiltering - skip non existing resourceDirectory C:\Projects\BarterBrainsProject\BarterBrains\RESTapi\SessionAndBookingService\SessionAndBooking\src\test\resources
2026-02-01 13:06:02,403 [Worker-20: Building] INFO  o.a.m.s.f.DefaultMavenResourcesFiltering - Copying 1 resource from src\main\resources to target\classes
2026-02-01 13:06:02,452 [Worker-20: Building] INFO  o.a.m.s.f.DefaultMavenResourcesFiltering - Copying 0 resource from src\main\resources to target\classes
2026-02-01 13:06:02,460 [Worker-20: Building] INFO  o.a.m.s.f.DefaultMavenResourcesFiltering - skip non existing resourceDirectory C:\Projects\BarterBrainsProject\BarterBrains\RESTapi\SessionAndBookingService\SessionAndBooking\src\test\resources
2026-02-01 13:07:28,976 [Worker-20: Building] INFO  o.a.m.s.f.DefaultMavenResourcesFiltering - Copying 1 resource from src\main\resources to target\classes
2026-02-01 13:07:29,034 [Worker-20: Building] INFO  o.a.m.s.f.DefaultMavenResourcesFiltering - Copying 0 resource from src\main\resources to target\classes
2026-02-01 13:07:29,046 [Worker-20: Building] INFO  o.a.m.s.f.DefaultMavenResourcesFiltering - skip non existing resourceDirectory C:\Projects\BarterBrainsProject\BarterBrains\RESTapi\SessionAndBookingService\SessionAndBooking\src\test\resources
2026-02-01 13:08:07,822 [Worker-8: Building] INFO  o.a.m.s.f.DefaultMavenResourcesFiltering - Copying 1 resource from src\main\resources to target\classes
2026-02-01 13:08:07,875 [Worker-8: Building] INFO  o.a.m.s.f.DefaultMavenResourcesFiltering - Copying 0 resource from src\main\resources to target\classes
2026-02-01 13:08:07,881 [Worker-8: Building] INFO  o.a.m.s.f.DefaultMavenResourcesFiltering - skip non existing resourceDirectory C:\Projects\BarterBrainsProject\BarterBrains\RESTapi\SessionAndBookingService\SessionAndBooking\src\test\resources
2026-02-01 13:08:32,196 [Worker-28: Building] INFO  o.a.m.s.f.DefaultMavenResourcesFiltering - Copying 1 resource from src\main\resources to target\classes
2026-02-01 13:08:32,219 [Worker-28: Building] INFO  o.a.m.s.f.DefaultMavenResourcesFiltering - Copying 0 resource from src\main\resources to target\classes
2026-02-01 13:08:32,226 [Worker-28: Building] INFO  o.a.m.s.f.DefaultMavenResourcesFiltering - skip non existing resourceDirectory C:\Projects\BarterBrainsProject\BarterBrains\RESTapi\SessionAndBookingService\SessionAndBooking\src\test\resources
2026-02-01 13:09:28,141 [Worker-7: Building] INFO  o.a.m.s.f.DefaultMavenResourcesFiltering - Copying 1 resource from src\main\resources to target\classes
2026-02-01 13:09:28,147 [Worker-7: Building] INFO  o.a.m.s.f.DefaultMavenResourcesFiltering - Copying 0 resource from src\main\resources to target\classes
2026-02-01 13:09:28,152 [Worker-7: Building] INFO  o.a.m.s.f.DefaultMavenResourcesFiltering - skip non existing resourceDirectory C:\Projects\BarterBrainsProject\BarterBrains\RESTapi\SessionAndBookingService\SessionAndBooking\src\test\resources
2026-02-01 13:09:44,288 [Worker-13: Building] INFO  o.a.m.s.f.DefaultMavenResourcesFiltering - Copying 1 resource from src\main\resources to target\classes
2026-02-01 13:09:44,298 [Worker-13: Building] INFO  o.a.m.s.f.DefaultMavenResourcesFiltering - Copying 0 resource from src\main\resources to target\classes
2026-02-01 13:09:44,305 [Worker-13: Building] INFO  o.a.m.s.f.DefaultMavenResourcesFiltering - skip non existing resourceDirectory C:\Projects\BarterBrainsProject\BarterBrains\RESTapi\SessionAndBookingService\SessionAndBooking\src\test\resources
2026-02-01 13:09:56,788 [Worker-8: Building] INFO  o.a.m.s.f.DefaultMavenResourcesFiltering - Copying 1 resource from src\main\resources to target\classes
2026-02-01 13:09:56,814 [Worker-8: Building] INFO  o.a.m.s.f.DefaultMavenResourcesFiltering - Copying 0 resource from src\main\resources to target\classes
2026-02-01 13:09:56,823 [Worker-8: Building] INFO  o.a.m.s.f.DefaultMavenResourcesFiltering - skip non existing resourceDirectory C:\Projects\BarterBrainsProject\BarterBrains\RESTapi\SessionAndBookingService\SessionAndBooking\src\test\resources
2026-02-01 13:10:03,769 [Worker-31: Building] INFO  o.a.m.s.f.DefaultMavenResourcesFiltering - Copying 1 resource from src\main\resources to target\classes
2026-02-01 13:10:03,774 [Worker-31: Building] INFO  o.a.m.s.f.DefaultMavenResourcesFiltering - Copying 0 resource from src\main\resources to target\classes
2026-02-01 13:10:03,780 [Worker-31: Building] INFO  o.a.m.s.f.DefaultMavenResourcesFiltering - skip non existing resourceDirectory C:\Projects\BarterBrainsProject\BarterBrains\RESTapi\SessionAndBookingService\SessionAndBooking\src\test\resources
2026-02-01 13:19:32,646 [Worker-10: Building] INFO  o.a.m.s.f.DefaultMavenResourcesFiltering - Copying 1 resource from src\main\resources to target\classes
2026-02-01 13:19:32,853 [Worker-10: Building] INFO  o.a.m.s.f.DefaultMavenResourcesFiltering - Copying 0 resource from src\main\resources to target\classes
2026-02-01 13:19:32,861 [Worker-10: Building] INFO  o.a.m.s.f.DefaultMavenResourcesFiltering - skip non existing resourceDirectory C:\Projects\BarterBrainsProject\BarterBrains\RESTapi\SessionAndBookingService\SessionAndBooking\src\test\resources
2026-02-01 13:19:55,511 [Worker-8: Building] INFO  o.a.m.s.f.DefaultMavenResourcesFiltering - Copying 1 resource from src\main\resources to target\classes
2026-02-01 13:19:55,530 [Worker-8: Building] INFO  o.a.m.s.f.DefaultMavenResourcesFiltering - Copying 0 resource from src\main\resources to target\classes
2026-02-01 13:19:55,537 [Worker-8: Building] INFO  o.a.m.s.f.DefaultMavenResourcesFiltering - skip non existing resourceDirectory C:\Projects\BarterBrainsProject\BarterBrains\RESTapi\SessionAndBookingService\SessionAndBooking\src\test\resources
2026-02-01 13:23:10,912 [Worker-31: Building] INFO  o.a.m.s.f.DefaultMavenResourcesFiltering - Copying 1 resource from src\main\resources to target\classes
2026-02-01 13:23:10,939 [Worker-31: Building] INFO  o.a.m.s.f.DefaultMavenResourcesFiltering - Copying 0 resource from src\main\resources to target\classes
2026-02-01 13:23:10,951 [Worker-31: Building] INFO  o.a.m.s.f.DefaultMavenResourcesFiltering - skip non existing resourceDirectory C:\Projects\BarterBrainsProject\BarterBrains\RESTapi\SessionAndBookingService\SessionAndBooking\src\test\resources
2026-02-01 13:25:48,220 [Worker-31: Building] INFO  o.a.m.s.f.DefaultMavenResourcesFiltering - Copying 1 resource from src\main\resources to target\classes
2026-02-01 13:25:48,321 [Worker-31: Building] INFO  o.a.m.s.f.DefaultMavenResourcesFiltering - Copying 0 resource from src\main\resources to target\classes
2026-02-01 13:25:48,326 [Worker-31: Building] INFO  o.a.m.s.f.DefaultMavenResourcesFiltering - skip non existing resourceDirectory C:\Projects\BarterBrainsProject\BarterBrains\RESTapi\SessionAndBookingService\SessionAndBooking\src\test\resources
2026-02-01 13:26:02,230 [Worker-7: Building] INFO  o.a.m.s.f.DefaultMavenResourcesFiltering - Copying 1 resource from src\main\resources to target\classes
2026-02-01 13:26:02,242 [Worker-7: Building] INFO  o.a.m.s.f.DefaultMavenResourcesFiltering - Copying 0 resource from src\main\resources to target\classes
2026-02-01 13:26:02,249 [Worker-7: Building] INFO  o.a.m.s.f.DefaultMavenResourcesFiltering - skip non existing resourceDirectory C:\Projects\BarterBrainsProject\BarterBrains\RESTapi\SessionAndBookingService\SessionAndBooking\src\test\resources
2026-02-01 13:26:46,370 [Worker-31: Building] INFO  o.a.m.s.f.DefaultMavenResourcesFiltering - Copying 1 resource from src\main\resources to target\classes
2026-02-01 13:26:46,411 [Worker-31: Building] INFO  o.a.m.s.f.DefaultMavenResourcesFiltering - Copying 0 resource from src\main\resources to target\classes
2026-02-01 13:26:46,420 [Worker-31: Building] INFO  o.a.m.s.f.DefaultMavenResourcesFiltering - skip non existing resourceDirectory C:\Projects\BarterBrainsProject\BarterBrains\RESTapi\SessionAndBookingService\SessionAndBooking\src\test\resources
2026-02-01 13:28:19,110 [Worker-10: Building] INFO  o.a.m.s.f.DefaultMavenResourcesFiltering - Copying 1 resource from src\main\resources to target\classes
2026-02-01 13:28:19,130 [Worker-10: Building] INFO  o.a.m.s.f.DefaultMavenResourcesFiltering - Copying 0 resource from src\main\resources to target\classes
2026-02-01 13:28:19,140 [Worker-10: Building] INFO  o.a.m.s.f.DefaultMavenResourcesFiltering - skip non existing resourceDirectory C:\Projects\BarterBrainsProject\BarterBrains\RESTapi\SessionAndBookingService\SessionAndBooking\src\test\resources
2026-02-01 13:28:25,628 [Worker-31: Building] INFO  o.a.m.s.f.DefaultMavenResourcesFiltering - Copying 1 resource from src\main\resources to target\classes
2026-02-01 13:28:25,665 [Worker-31: Building] INFO  o.a.m.s.f.DefaultMavenResourcesFiltering - Copying 0 resource from src\main\resources to target\classes
2026-02-01 13:28:25,672 [Worker-31: Building] INFO  o.a.m.s.f.DefaultMavenResourcesFiltering - skip non existing resourceDirectory C:\Projects\BarterBrainsProject\BarterBrains\RESTapi\SessionAndBookingService\SessionAndBooking\src\test\resources
2026-02-01 13:28:45,103 [Worker-31: Building] INFO  o.a.m.s.f.DefaultMavenResourcesFiltering - Copying 1 resource from src\main\resources to target\classes
2026-02-01 13:28:45,116 [Worker-31: Building] INFO  o.a.m.s.f.DefaultMavenResourcesFiltering - Copying 0 resource from src\main\resources to target\classes
2026-02-01 13:28:45,124 [Worker-31: Building] INFO  o.a.m.s.f.DefaultMavenResourcesFiltering - skip non existing resourceDirectory C:\Projects\BarterBrainsProject\BarterBrains\RESTapi\SessionAndBookingService\SessionAndBooking\src\test\resources
2026-02-01 13:31:02,679 [Worker-13: Building] INFO  o.a.m.s.f.DefaultMavenResourcesFiltering - Copying 1 resource from src\main\resources to target\classes
2026-02-01 13:31:02,689 [Worker-13: Building] INFO  o.a.m.s.f.DefaultMavenResourcesFiltering - Copying 0 resource from src\main\resources to target\classes
2026-02-01 13:31:02,755 [Worker-13: Building] INFO  o.a.m.s.f.DefaultMavenResourcesFiltering - skip non existing resourceDirectory C:\Projects\BarterBrainsProject\BarterBrains\RESTapi\SessionAndBookingService\SessionAndBooking\src\test\resources
2026-02-01 13:34:42,582 [Worker-34: Building] INFO  o.a.m.s.f.DefaultMavenResourcesFiltering - Copying 1 resource from src\main\resources to target\classes
2026-02-01 13:34:42,595 [Worker-34: Building] INFO  o.a.m.s.f.DefaultMavenResourcesFiltering - Copying 0 resource from src\main\resources to target\classes
2026-02-01 13:34:42,599 [Worker-34: Building] INFO  o.a.m.s.f.DefaultMavenResourcesFiltering - skip non existing resourceDirectory C:\Projects\BarterBrainsProject\BarterBrains\RESTapi\SessionAndBookingService\SessionAndBooking\src\test\resources
2026-02-01 13:35:05,821 [Worker-10: Building] INFO  o.a.m.s.f.DefaultMavenResourcesFiltering - Copying 1 resource from src\main\resources to target\classes
2026-02-01 13:35:05,829 [Worker-10: Building] INFO  o.a.m.s.f.DefaultMavenResourcesFiltering - Copying 0 resource from src\main\resources to target\classes
2026-02-01 13:35:05,835 [Worker-10: Building] INFO  o.a.m.s.f.DefaultMavenResourcesFiltering - skip non existing resourceDirectory C:\Projects\BarterBrainsProject\BarterBrains\RESTapi\SessionAndBookingService\SessionAndBooking\src\test\resources
2026-02-01 14:11:43,966 [Worker-38: Building] INFO  o.a.m.s.f.DefaultMavenResourcesFiltering - Copying 1 resource from src\main\resources to target\classes
2026-02-01 14:11:44,203 [Worker-38: Building] INFO  o.a.m.s.f.DefaultMavenResourcesFiltering - Copying 0 resource from src\main\resources to target\classes
2026-02-01 14:11:44,213 [Worker-38: Building] INFO  o.a.m.s.f.DefaultMavenResourcesFiltering - skip non existing resourceDirectory C:\Projects\BarterBrainsProject\BarterBrains\RESTapi\SessionAndBookingService\SessionAndBooking\src\test\resources
2026-02-01 14:11:51,930 [Worker-32: Building] INFO  o.a.m.s.f.DefaultMavenResourcesFiltering - Copying 1 resource from src\main\resources to target\classes
2026-02-01 14:11:52,037 [Worker-32: Building] INFO  o.a.m.s.f.DefaultMavenResourcesFiltering - Copying 0 resource from src\main\resources to target\classes
2026-02-01 14:11:52,041 [Worker-32: Building] INFO  o.a.m.s.f.DefaultMavenResourcesFiltering - skip non existing resourceDirectory C:\Projects\BarterBrainsProject\BarterBrains\RESTapi\SessionAndBookingService\SessionAndBooking\src\test\resources
2026-02-01 16:42:56,832 [Worker-6: Loading available Gradle versions] INFO  o.e.b.c.i.u.g.PublishedGradleVersions - Gradle version information cache is up-to-date. Trying to read.
2026-02-01 16:43:46,326 [Worker-10: Launching SessionAndBooking - SessionAndBookingApplication] INFO  o.a.m.s.f.DefaultMavenResourcesFiltering - Copying 1 resource from src\main\resources to target\classes
2026-02-01 16:43:46,387 [Worker-10: Launching SessionAndBooking - SessionAndBookingApplication] INFO  o.a.m.s.f.DefaultMavenResourcesFiltering - Copying 0 resource from src\main\resources to target\classes
2026-02-01 16:43:46,404 [Worker-10: Launching SessionAndBooking - SessionAndBookingApplication] INFO  o.a.m.s.f.DefaultMavenResourcesFiltering - skip non existing resourceDirectory C:\Projects\BarterBrainsProject\BarterBrains\RESTapi\SessionAndBookingService\SessionAndBooking\src\test\resources
2026-02-01 16:47:58,063 [Worker-16: Building] INFO  o.a.m.s.f.DefaultMavenResourcesFiltering - Copying 1 resource from src\main\resources to target\classes
2026-02-01 16:47:58,129 [Worker-16: Building] INFO  o.a.m.s.f.DefaultMavenResourcesFiltering - Copying 0 resource from src\main\resources to target\classes
2026-02-01 16:47:58,134 [Worker-16: Building] INFO  o.a.m.s.f.DefaultMavenResourcesFiltering - skip non existing resourceDirectory C:\Projects\BarterBrainsProject\BarterBrains\RESTapi\SessionAndBookingService\SessionAndBooking\src\test\resources
2026-02-01 16:48:47,052 [Worker-4: Building] INFO  o.a.m.s.f.DefaultMavenResourcesFiltering - Copying 1 resource from src\main\resources to target\classes
2026-02-01 16:48:47,064 [Worker-4: Building] INFO  o.a.m.s.f.DefaultMavenResourcesFiltering - Copying 0 resource from src\main\resources to target\classes
2026-02-01 16:48:47,071 [Worker-4: Building] INFO  o.a.m.s.f.DefaultMavenResourcesFiltering - skip non existing resourceDirectory C:\Projects\BarterBrainsProject\BarterBrains\RESTapi\SessionAndBookingService\SessionAndBooking\src\test\resources
2026-02-01 16:53:18,527 [Worker-14: Building] INFO  o.a.m.s.f.DefaultMavenResourcesFiltering - Copying 1 resource from src\main\resources to target\classes
2026-02-01 16:53:18,596 [Worker-14: Building] INFO  o.a.m.s.f.DefaultMavenResourcesFiltering - Copying 0 resource from src\main\resources to target\classes
2026-02-01 16:53:18,606 [Worker-14: Building] INFO  o.a.m.s.f.DefaultMavenResourcesFiltering - skip non existing resourceDirectory C:\Projects\BarterBrainsProject\BarterBrains\RESTapi\SessionAndBookingService\SessionAndBooking\src\test\resources
2026-02-01 16:59:18,293 [Worker-28: Building] INFO  o.a.m.s.f.DefaultMavenResourcesFiltering - Copying 1 resource from src\main\resources to target\classes
2026-02-01 16:59:18,341 [Worker-28: Building] INFO  o.a.m.s.f.DefaultMavenResourcesFiltering - Copying 0 resource from src\main\resources to target\classes
2026-02-01 16:59:18,350 [Worker-28: Building] INFO  o.a.m.s.f.DefaultMavenResourcesFiltering - skip non existing resourceDirectory C:\Projects\BarterBrainsProject\BarterBrains\RESTapi\SessionAndBookingService\SessionAndBooking\src\test\resources
2026-02-01 16:59:41,785 [Worker-7: Building] INFO  o.a.m.s.f.DefaultMavenResourcesFiltering - Copying 1 resource from src\main\resources to target\classes
2026-02-01 16:59:41,945 [Worker-7: Building] INFO  o.a.m.s.f.DefaultMavenResourcesFiltering - Copying 0 resource from src\main\resources to target\classes
2026-02-01 16:59:41,950 [Worker-7: Building] INFO  o.a.m.s.f.DefaultMavenResourcesFiltering - skip non existing resourceDirectory C:\Projects\BarterBrainsProject\BarterBrains\RESTapi\SessionAndBookingService\SessionAndBooking\src\test\resources
2026-02-01 17:06:40,032 [Worker-18: Building] INFO  o.a.m.s.f.DefaultMavenResourcesFiltering - Copying 1 resource from src\main\resources to target\classes
2026-02-01 17:06:40,097 [Worker-18: Building] INFO  o.a.m.s.f.DefaultMavenResourcesFiltering - Copying 0 resource from src\main\resources to target\classes
2026-02-01 17:06:40,103 [Worker-18: Building] INFO  o.a.m.s.f.DefaultMavenResourcesFiltering - skip non existing resourceDirectory C:\Projects\BarterBrainsProject\BarterBrains\RESTapi\SessionAndBookingService\SessionAndBooking\src\test\resources
2026-02-01 17:07:08,123 [Worker-15: Building] INFO  o.a.m.s.f.DefaultMavenResourcesFiltering - Copying 1 resource from src\main\resources to target\classes
2026-02-01 17:07:08,203 [Worker-15: Building] INFO  o.a.m.s.f.DefaultMavenResourcesFiltering - Copying 0 resource from src\main\resources to target\classes
2026-02-01 17:07:08,209 [Worker-15: Building] INFO  o.a.m.s.f.DefaultMavenResourcesFiltering - skip non existing resourceDirectory C:\Projects\BarterBrainsProject\BarterBrains\RESTapi\SessionAndBookingService\SessionAndBooking\src\test\resources
2026-02-01 17:07:30,242 [Worker-31: Building] INFO  o.a.m.s.f.DefaultMavenResourcesFiltering - Copying 1 resource from src\main\resources to target\classes
2026-02-01 17:07:30,401 [Worker-31: Building] INFO  o.a.m.s.f.DefaultMavenResourcesFiltering - Copying 0 resource from src\main\resources to target\classes
2026-02-01 17:07:30,406 [Worker-31: Building] INFO  o.a.m.s.f.DefaultMavenResourcesFiltering - skip non existing resourceDirectory C:\Projects\BarterBrainsProject\BarterBrains\RESTapi\SessionAndBookingService\SessionAndBooking\src\test\resources
2026-02-01 17:07:53,315 [Worker-28: Building] INFO  o.a.m.s.f.DefaultMavenResourcesFiltering - Copying 1 resource from src\main\resources to target\classes
2026-02-01 17:07:53,347 [Worker-28: Building] INFO  o.a.m.s.f.DefaultMavenResourcesFiltering - Copying 0 resource from src\main\resources to target\classes
2026-02-01 17:07:53,355 [Worker-28: Building] INFO  o.a.m.s.f.DefaultMavenResourcesFiltering - skip non existing resourceDirectory C:\Projects\BarterBrainsProject\BarterBrains\RESTapi\SessionAndBookingService\SessionAndBooking\src\test\resources
2026-02-02 09:30:09,566 [Worker-4: Loading available Gradle versions] INFO  o.e.b.c.i.u.g.PublishedGradleVersions - Gradle version information cache is out-of-date. Trying to update.
2026-02-02 11:34:35,431 [Worker-14: Building] INFO  o.a.m.s.f.DefaultMavenResourcesFiltering - Copying 1 resource from src\main\resources to target\classes
2026-02-02 11:34:35,534 [Worker-14: Building] INFO  o.a.m.s.f.DefaultMavenResourcesFiltering - Copying 0 resource from src\main\resources to target\classes
2026-02-02 11:34:35,543 [Worker-14: Building] INFO  o.a.m.s.f.DefaultMavenResourcesFiltering - skip non existing resourceDirectory C:\Projects\BarterBrainsProject\BarterBrains\RESTapi\SessionAndBookingService\SessionAndBooking\src\test\resources
2026-02-02 11:34:40,458 [Worker-17: Building] INFO  o.a.m.s.f.DefaultMavenResourcesFiltering - Copying 1 resource from src\main\resources to target\classes
2026-02-02 11:34:40,472 [Worker-17: Building] INFO  o.a.m.s.f.DefaultMavenResourcesFiltering - Copying 0 resource from src\main\resources to target\classes
2026-02-02 11:34:40,480 [Worker-17: Building] INFO  o.a.m.s.f.DefaultMavenResourcesFiltering - skip non existing resourceDirectory C:\Projects\BarterBrainsProject\BarterBrains\RESTapi\SessionAndBookingService\SessionAndBooking\src\test\resources
2026-02-02 11:52:45,703 [Worker-34: Building] INFO  o.a.m.s.f.DefaultMavenResourcesFiltering - Copying 1 resource from src\main\resources to target\classes
2026-02-02 11:52:45,753 [Worker-34: Building] INFO  o.a.m.s.f.DefaultMavenResourcesFiltering - Copying 0 resource from src\main\resources to target\classes
2026-02-02 11:52:45,763 [Worker-34: Building] INFO  o.a.m.s.f.DefaultMavenResourcesFiltering - skip non existing resourceDirectory C:\Projects\BarterBrainsProject\BarterBrains\RESTapi\SessionAndBookingService\SessionAndBooking\src\test\resources
2026-02-02 11:53:58,036 [Worker-17: Building] INFO  o.a.m.s.f.DefaultMavenResourcesFiltering - Copying 1 resource from src\main\resources to target\classes
2026-02-02 11:53:58,050 [Worker-17: Building] INFO  o.a.m.s.f.DefaultMavenResourcesFiltering - Copying 0 resource from src\main\resources to target\classes
2026-02-02 11:53:58,057 [Worker-17: Building] INFO  o.a.m.s.f.DefaultMavenResourcesFiltering - skip non existing resourceDirectory C:\Projects\BarterBrainsProject\BarterBrains\RESTapi\SessionAndBookingService\SessionAndBooking\src\test\resources
2026-02-02 11:54:09,074 [Worker-14: Building] INFO  o.a.m.s.f.DefaultMavenResourcesFiltering - Copying 1 resource from src\main\resources to target\classes
2026-02-02 11:54:09,086 [Worker-14: Building] INFO  o.a.m.s.f.DefaultMavenResourcesFiltering - Copying 0 resource from src\main\resources to target\classes
2026-02-02 11:54:09,095 [Worker-14: Building] INFO  o.a.m.s.f.DefaultMavenResourcesFiltering - skip non existing resourceDirectory C:\Projects\BarterBrainsProject\BarterBrains\RESTapi\SessionAndBookingService\SessionAndBooking\src\test\resources
2026-02-02 11:54:46,116 [Worker-14: Building] INFO  o.a.m.s.f.DefaultMavenResourcesFiltering - Copying 1 resource from src\main\resources to target\classes
2026-02-02 11:54:46,130 [Worker-14: Building] INFO  o.a.m.s.f.DefaultMavenResourcesFiltering - Copying 0 resource from src\main\resources to target\classes
2026-02-02 11:54:46,139 [Worker-14: Building] INFO  o.a.m.s.f.DefaultMavenResourcesFiltering - skip non existing resourceDirectory C:\Projects\BarterBrainsProject\BarterBrains\RESTapi\SessionAndBookingService\SessionAndBooking\src\test\resources
2026-02-02 11:56:54,863 [Worker-33: Launching SessionAndBooking - SessionAndBookingApplication] INFO  o.a.m.s.f.DefaultMavenResourcesFiltering - Copying 1 resource from src\main\resources to target\classes
2026-02-02 11:56:54,878 [Worker-33: Launching SessionAndBooking - SessionAndBookingApplication] INFO  o.a.m.s.f.DefaultMavenResourcesFiltering - Copying 0 resource from src\main\resources to target\classes
2026-02-02 11:56:54,943 [Worker-33: Launching SessionAndBooking - SessionAndBookingApplication] INFO  o.a.m.s.f.DefaultMavenResourcesFiltering - skip non existing resourceDirectory C:\Projects\BarterBrainsProject\BarterBrains\RESTapi\SessionAndBookingService\SessionAndBooking\src\test\resources
2026-02-02 18:05:26,119 [Worker-6: Loading available Gradle versions] INFO  o.e.b.c.i.u.g.PublishedGradleVersions - Gradle version information cache is up-to-date. Trying to read.
2026-02-02 18:07:22,350 [Worker-8: Importing Maven projects] INFO  o.e.m.c.i.l.LifecycleMappingFactory - Using org.eclipse.m2e.jdt.JarLifecycleMapping lifecycle mapping for MavenProject: com.example:SessionAndBooking:0.0.1-SNAPSHOT @ D:\BarterBrainsProject\BarterBrains\RESTapi\SessionAndBookingService\SessionAndBooking\pom.xml.
2026-02-02 18:07:33,304 [Worker-8: Importing Maven projects] INFO  o.e.m.j.i.AbstractJavaProjectConfigurator - Adding source folder /SessionAndBooking/src/main/java
2026-02-02 18:07:33,308 [Worker-8: Importing Maven projects] INFO  o.e.m.j.i.AbstractJavaProjectConfigurator - Adding resource folder /SessionAndBooking/src/main/resources
2026-02-02 18:07:33,332 [Worker-8: Importing Maven projects] INFO  o.e.m.j.i.AbstractJavaProjectConfigurator - Adding resource folder /SessionAndBooking/src/main/resources
2026-02-02 18:07:33,357 [Worker-8: Importing Maven projects] INFO  o.e.m.j.i.AbstractJavaProjectConfigurator - Adding source folder /SessionAndBooking/src/test/java
2026-02-02 18:07:33,359 [Worker-8: Importing Maven projects] INFO  o.e.m.j.i.AbstractJavaProjectConfigurator - Adding resource folder /SessionAndBooking/src/test/resources
2026-02-02 18:07:41,239 [Worker-8: Importing Maven projects] INFO  o.e.m.c.i.p.ProjectConfigurationManager - Imported and configured 1 project(s) in 26 sec
2026-02-02 18:07:43,706 [Worker-17: Building] INFO  o.a.m.s.f.DefaultMavenResourcesFiltering - Copying 1 resource from src\main\resources to target\classes
2026-02-02 18:07:43,747 [Worker-17: Building] INFO  o.a.m.s.f.DefaultMavenResourcesFiltering - Copying 0 resource from src\main\resources to target\classes
2026-02-02 18:07:43,754 [Worker-17: Building] INFO  o.a.m.s.f.DefaultMavenResourcesFiltering - skip non existing resourceDirectory D:\BarterBrainsProject\BarterBrains\RESTapi\SessionAndBookingService\SessionAndBooking\src\test\resources
2026-02-02 18:20:27,228 [Worker-8: Building] INFO  o.a.m.s.f.DefaultMavenResourcesFiltering - Copying 1 resource from src\main\resources to target\classes
2026-02-02 18:20:27,237 [Worker-8: Building] INFO  o.a.m.s.f.DefaultMavenResourcesFiltering - Copying 0 resource from src\main\resources to target\classes
2026-02-02 18:20:27,243 [Worker-8: Building] INFO  o.a.m.s.f.DefaultMavenResourcesFiltering - skip non existing resourceDirectory D:\BarterBrainsProject\BarterBrains\RESTapi\SessionAndBookingService\SessionAndBooking\src\test\resources
2026-02-02 18:21:21,793 [Start Help Server] INFO  org.eclipse.jetty.server.Server - jetty-12.0.21; built: 2025-05-09T00:32:00.688Z; git: 1c4719601e31b05b7d68910d2edd980259f1f53c; jvm 21.0.7+6-LTS
2026-02-02 18:21:21,935 [Start Help Server] INFO  o.e.j.server.handler.ContextHandler - Started oeje8n.ContextHandler$CoreContextHandler@20a7ccf8{/help,/help,b=null,a=AVAILABLE,h=oeje8n.ContextHandler$CoreContextHandler$CoreToNestedHandler@52b77414{STARTED}}
2026-02-02 18:21:21,937 [Start Help Server] INFO  o.e.j.s.DefaultSessionIdManager - Session workerName=node0
2026-02-02 18:21:21,994 [Start Help Server] INFO  o.e.jetty.server.AbstractConnector - Started ServerConnector@40bf94a7{HTTP/1.1, (http/1.1)}{127.0.0.1:54448}
2026-02-02 18:21:22,033 [Start Help Server] INFO  org.eclipse.jetty.server.Server - Started oejs.Server@2b96418a{STARTING}[12.0.21,sto=0] @1107099ms
2026-02-02 18:22:29,905 [Worker-13: Building] INFO  o.a.m.s.f.DefaultMavenResourcesFiltering - Copying 1 resource from src\main\resources to target\classes
2026-02-02 18:22:29,914 [Worker-13: Building] INFO  o.a.m.s.f.DefaultMavenResourcesFiltering - Copying 0 resource from src\main\resources to target\classes
2026-02-02 18:22:29,924 [Worker-13: Building] INFO  o.a.m.s.f.DefaultMavenResourcesFiltering - skip non existing resourceDirectory D:\BarterBrainsProject\BarterBrains\RESTapi\SessionAndBookingService\SessionAndBooking\src\test\resources
2026-02-02 18:23:06,859 [Worker-17: Building] INFO  o.a.m.s.f.DefaultMavenResourcesFiltering - Copying 1 resource from src\main\resources to target\classes
2026-02-02 18:23:06,873 [Worker-17: Building] INFO  o.a.m.s.f.DefaultMavenResourcesFiltering - Copying 0 resource from src\main\resources to target\classes
2026-02-02 18:23:06,883 [Worker-17: Building] INFO  o.a.m.s.f.DefaultMavenResourcesFiltering - skip non existing resourceDirectory D:\BarterBrainsProject\BarterBrains\RESTapi\SessionAndBookingService\SessionAndBooking\src\test\resources
2026-02-02 21:44:24,986 [Stop Help Server] INFO  org.eclipse.jetty.server.Server - Stopped oejs.Server@2b96418a{STOPPING}[12.0.21,sto=0]
2026-02-02 21:44:24,991 [Stop Help Server] INFO  o.e.jetty.server.AbstractConnector - Stopped ServerConnector@40bf94a7{HTTP/1.1, (http/1.1)}{127.0.0.1:0}
